Product,Entity,Operation,Campaign ID,Ad Group ID,Portfolio ID,Ad ID,Keyword ID,Product Targeting ID,Campaign Name,Ad Group Name,Start Date,End Date,Targeting Type,State,Daily Budget,SKU,Ad Group Default Bid,Bid,Keyword Text,Native Language Keyword,Native Language Locale,Match Type,Bidding Strategy,Placement,Percentage,Product Targeting Expression,Audience ID,Shopper Cohort Percentage,Shopper Cohort Type
Sponsored Products,Campaign,Update,150019341558663,,209757982448080,,,,B0GZGMLGDD_SP00_patriotic decorations bulk_BROAD_Nguyen,,,,,enabled,,,,,,,,,,,,,,,
Sponsored Products,Campaign,Update,156324606987547,,209757982448080,,,,B0GZGMLGDD_SP00_KT_ALLSG_Nguyen,,,,,enabled,,,,,,,,,,,,,,,
Sponsored Products,Campaign,Update,89917356516230,,209757982448080,,,,B0GZGMLGDD_SP02_AUTO_Nguyen,,,,,enabled,,,,,,,,,,,,,,,
Sponsored Products,Campaign,Update,41754900811416,,209757982448080,,,,B0GVYF16BT_SP00_KT_Keychain_Nguyen,,,,,enabled,,,,,,,,,,,,,,,
Sponsored Products,Campaign,Update,47494545548065,,209757982448080,,,,B0GVYF16BT_SP00_patriotic ribbon_BROAD_Nguyen,,,,,enabled,,,,,,,,,,,,,,,
Sponsored Products,Campaign,Update,127331248015630,,240077712323146,,,,B0DZWS5XNF_SP00_easter decoration_EXACT_Nguyen,,,,,enabled,,,,,,,,,,,,,,,
Sponsored Products,Campaign,Update,67234181801137,,240077712323146,,,,B0DZWS5XNF_SP00_easter bunny_EXACT_Nguyen,,,,,enabled,,,,,,,,,,,,,,,
Sponsored Products,Campaign,Update,128602433461424,,240077712323146,,,,B0DZWS5XNF_SP00_easter centerpieces for tables_EXACT_Nguyen,,,,,enabled,,,,,,,,,,,,,,,
Sponsored Products,Campaign,Update,239355830991492,,240077712323146,,,,B0DZWS5XNF_SP00_easter bunny decor_EXACT_Nguyen,,,,,enabled,,,,,,,,,,,,,,,
Sponsored Products,Campaign,Update,115876092757289,,240077712323146,,,,B0DZWS5XNF_SP00_easter rabbit decor_EXACT_Nguyen,,,,,enabled,,,,,,,,,,,,,,,
Sponsored Products,Campaign,Update,243547069932213,,240077712323146,,,,B0DZWS5XNF_SP00_easter rabbit_EXACT_Nguyen,,,,,enabled,,,,,,,,,,,,,,,
Sponsored Products,Campaign,Update,363616562582904,,198316202537304,,,,B0FN7VYN28_SP03_PT_Nguyen,,,,,enabled,,,,,,,,,,,,,,,
Sponsored Products,Campaign,Update,105274277279840,,21440049075564,,,,B0GRTCMQDD_SP00_KT_Dad_Nguyen,,,,,enabled,,,,,,,,,,,,,,,
Sponsored Products,Campaign,Update,262668880800241,,182626034685672,,,,B0F192GZRG_SP00_gifts for mom_PHRASE_Nguyen,,,,,enabled,,,,,,,,,,,,,,,
Sponsored Products,Campaign,Update,218544525078347,,21440049075564,,,,B0F192GZRG_SP00_KT_bible_Nguyen,,,,,enabled,,,,,,,,,,,,,,,
Sponsored Products,Campaign,Update,168138928609874,,198316202537304,,,,B0F192GZRG_SP00_KT_mothers_Nguyen,,,,,enabled,,,,,,,,,,,,,,,
Sponsored Products,Campaign,Update,20581756241417,,182626034685672,,,,B0F192GZRG_SP00_KT_gifts_Nguyen,,,,,enabled,,,,,,,,,,,,,,,
Sponsored Products,Campaign,Update,260010214291647,,198316202537304,,,,B0F192GZRG_SP00_KT_mom_Nguyen,,,,,enabled,,,,,,,,,,,,,,,
Sponsored Products,Campaign,Update,258743576195129,,198316202537304,,,,B0F192GZRG_SP00_KT_christian_Nguyen,,,,,enabled,,,,,,,,,,,,,,,
Sponsored Products,Campaign,Update,513745433748448,,21440049075564,,,,B0F192GZRG_SP00_christian mom_PHRASE_Nguyen,,,,,enabled,,,,,,,,,,,,,,,
Sponsored Products,Campaign,Update,137758697434473,,21440049075564,,,,B0GRTJ6BCC_SP00_KT_mothers_Nguyen,,,,,enabled,,,,,,,,,,,,,,,
Sponsored Products,Campaign,Update,33501284295054,,21440049075564,,,,B0GRTJ6BCC_SP00_KT_Mom_080426_Nguyen,,,,,enabled,,,,,,,,,,,,,,,
Sponsored Products,Campaign,Update,182689356861301,,21440049075564,,,,B0GRTJ6BCC_SP03_PT_bible_Nguyen,,,,,enabled,,,,,,,,,,,,,,,
Sponsored Products,Campaign,Update,114610802307111,,21440049075564,,,,B0GRTJ6BCC_SP03_PT_bible_v2_Nguyen,,,,,enabled,,,,,,,,,,,,,,,
Sponsored Products,Campaign,Update,151978873713817,,85383368027685,,,,B0FDWS4H8V_SP00_KT_bible_Nguyen,,,,,enabled,,,,,,,,,,,,,,,
Sponsored Products,Campaign,Update,339210430187706,,67216106457405,,,,B0F8VBSG3T_SP00_car picture_BROAD_Nguyen,,,,,enabled,,,,,,,,,,,,,,,
Sponsored Products,Campaign,Update,510517549937997,,67216106457405,,,,B0F8VBSG3T_SP00_visor picture clip_EXACT_Nguyen,,,,,enabled,,,,,,,,,,,,,,,
Sponsored Products,Campaign,Update,30982878856124,,67216106457405,,,,B0F8VBSG3T_SP00_KT_car_Nguyen,,,,,enabled,,,,,,,,,,,,,,,
Sponsored Products,Campaign,Update,87979595745763,,67216106457405,,,,B0F8VBSG3T_SP00_KT_KP_dad_Nguyen,,,,,enabled,,,,,,,,,,,,,,,
Sponsored Products,Campaign,Update,413373577406631,,67216106457405,,,,B0F8VBSG3T_SP00_visor picture holder_PHRASE_Nguyen,,,,,enabled,,,,,,,,,,,,,,,
Sponsored Products,Campaign,Update,426196836350449,,67216106457405,,,,B0F8VBSG3T_SP00_visor picture frame_PHRASE_Nguyen,,,,,enabled,,,,,,,,,,,,,,,
Sponsored Products,Campaign,Update,528345358468631,,67216106457405,,,,B0F8VBSG3T_SP00_visor clip photo frame_EXACT_Nguyen,,,,,enabled,,,,,,,,,,,,,,,
Sponsored Products,Campaign,Update,430861698061109,,67216106457405,,,,B0F8VBSG3T_SP00_drive safe visor clip him_EXACT_Nguyen,,,,,enabled,,,,,,,,,,,,,,,
Sponsored Products,Campaign,Update,529615815071509,,67216106457405,,,,B0F8VBSG3T_SP00_gifts for dad_PHRASE_Nguyen,,,,,enabled,,,,,,,,,,,,,,,
Sponsored Products,Campaign,Update,311697545905095,,67216106457405,,,,B0F8VBSG3T_SP00_polaroid frame car_EXACT_Nguyen,,,,,enabled,,,,,,,,,,,,,,,
Sponsored Products,Campaign,Update,200789139358044,,182626034685672,,,,B0F8VB5FKB_SP03_PT_mom_Nguyen,,,,,enabled,,,,,,,,,,,,,,,
Sponsored Products,Campaign,Update,234698262699671,,182626034685672,,,,B0F8VB5FKB_SP00_KT_best_Nguyen,,,,,enabled,,,,,,,,,,,,,,,
Sponsored Products,Campaign,Update,278598245503539,,67216106457405,,,,B0F8VB5FKB_SP00_worlds best mom car accessories_BROAD_Nguyen,,,,,enabled,,,,,,,,,,,,,,,
Sponsored Products,Campaign,Update,20306994269312,,67216106457405,,,,B0F8VB5FKB_SP00_KT_mom_Nguyen,,,,,enabled,,,,,,,,,,,,,,,
Sponsored Products,Campaign,Update,414638507863400,,231798792246904,,,,B0F2T9B1Y2_SP00_KT_RK_Nguyen,,,,,enabled,,,,,,,,,,,,,,,
Sponsored Products,Campaign,Update,207752313700736,,231798792246904,,,,B0F2T9B1Y2_SP00_resist sticker_EXACT_Nguyen,,,,,enabled,,,,,,,,,,,,,,,
Sponsored Products,Campaign,Update,32637122656205,,231798792246904,,,,B0F2T9B1Y2_SP00_KT_resist_Nguyen,,,,,enabled,,,,,,,,,,,,,,,
Sponsored Products,Campaign,Update,158583845512609,,209757982448080,,,,B0GVYTQLYB_SP00_250th anniversary decorations_BROAD_Nguyen,,,,,enabled,,,,,,,,,,,,,,,
Sponsored Products,Campaign,Update,116446875751985,,209757982448080,,,,B0GVYTQLYB_SP00_patriotic decorations_PHRASE_Nguyen,,,,,enabled,,,,,,,,,,,,,,,
Sponsored Products,Campaign,Update,126881683471649,,209757982448080,,,,B0GVYTQLYB_SP00_patriotic decorations_BROAD_Nguyen,,,,,enabled,,,,,,,,,,,,,,,
Sponsored Products,Campaign,Update,280407939132095,,209757982448080,,,,B0GVYTQLYB_SP00_250 anniversary usa merchandise_EXACT_Nguyen,,,,,enabled,,,,,,,,,,,,,,,
Sponsored Products,Campaign,Update,28382974159082,,209757982448080,,,,B0GVYTQLYB_SP00_4th of july decorations_BROAD_Nguyen,,,,,enabled,,,,,,,,,,,,,,,
Sponsored Products,Campaign,Update,80326000886920,,209757982448080,,,,B0GVYTQLYB_SP00_patriotic decor_BROAD_Nguyen,,,,,enabled,,,,,,,,,,,,,,,
Sponsored Products,Campaign,Update,110386996177358,,209757982448080,,,,B0GVYTQLYB_SP00_patriotic decor_EXACT_Nguyen,,,,,enabled,,,,,,,,,,,,,,,
Sponsored Products,Campaign,Update,46317032743296,,209757982448080,,,,B0GVYTQLYB_SP00_4th of july table runner_BROAD_Nguyen,,,,,enabled,,,,,,,,,,,,,,,
Sponsored Products,Campaign,Update,141516417977253,,209757982448080,,,,B0GVYTQLYB_SP00_fourth of july decorations_BROAD_Nguyen,,,,,enabled,,,,,,,,,,,,,,,
Sponsored Products,Campaign,Update,202769832549979,,209757982448080,,,,B0GVYTQLYB_SP00_4th of july decorations_EXACT_Nguyen,,,,,enabled,,,,,,,,,,,,,,,
Sponsored Products,Campaign,Update,219012865121436,,209757982448080,,,,B0GVYTQLYB_SP00_patriotic decor_PHRASE_Nguyen,,,,,enabled,,,,,,,,,,,,,,,
Sponsored Products,Campaign,Update,268720488788328,,209757982448080,,,,B0GVYTQLYB_SP00_patriotic decorations_EXACT_Nguyen,,,,,enabled,,,,,,,,,,,,,,,
Sponsored Products,Campaign,Update,191767696680619,,209757982448080,,,,B0GVYTQLYB_SP00_250th anniversary decorations_EXACT_Nguyen,,,,,enabled,,,,,,,,,,,,,,,
Sponsored Products,Campaign,Update,87061156829092,,209757982448080,,,,B0GVYTQLYB_SP00_250 anniversary usa merchandise_BROAD_Nguyen,,,,,enabled,,,,,,,,,,,,,,,
Sponsored Products,Campaign,Update,91133975042859,,209757982448080,,,,B0GVYTQLYB_SP00_250 anniversary usa merchandise_PHRASE_Nguyen,,,,,enabled,,,,,,,,,,,,,,,
Sponsored Products,Campaign,Update,182007216943421,,209757982448080,,,,B0GVYTQLYB_SP00_250 anniversary coin_BROAD_Nguyen,,,,,enabled,,,,,,,,,,,,,,,
Sponsored Products,Campaign,Update,78594117483115,,209757982448080,,,,B0GVYTQLYB_SP00_250th anniversary decorations_PHRASE_Nguyen,,,,,enabled,,,,,,,,,,,,,,,
Sponsored Products,Campaign,Update,161975364546750,,209757982448080,,,,B0GVYTQLYB_SP00_250 anniversary coin_PHRASE_Nguyen,,,,,enabled,,,,,,,,,,,,,,,
Sponsored Products,Campaign,Update,212848388231756,,209757982448080,,,,B0GVYTQLYB_SP03_PT_ALLSG_Nguyen,,,,,enabled,,,,,,,,,,,,,,,
Sponsored Products,Campaign,Update,145189103277605,,209757982448080,,,,B0GVYTQLYB_SP00_fourth of july decorations_PHRASE_Nguyen,,,,,enabled,,,,,,,,,,,,,,,
Sponsored Products,Campaign,Update,24616334343165,,209757982448080,,,,B0GVYTQLYB_SP00_fourth of july decorations_EXACT_Nguyen,,,,,enabled,,,,,,,,,,,,,,,
Sponsored Products,Campaign,Update,49664673498216,,209757982448080,,,,B0GVYTQLYB_SP00_250 anniversary coin_EXACT_Nguyen,,,,,enabled,,,,,,,,,,,,,,,
Sponsored Products,Campaign,Update,42985528585379,,209757982448080,,,,B0GVYTQLYB_SP03_PT_B0GSYRZT5P_Nguyen,,,,,enabled,,,,,,,,,,,,,,,
Sponsored Products,Campaign,Update,2462304319899,,188299541564956,,,,B0GJ5DM9LJ_SP00_he has risen decor_EXACT_Nguyen,,,,,enabled,,,,,,,,,,,,,,,
Sponsored Products,Campaign,Update,252290427256729,,188299541564956,,,,B0GJ5DM9LJ_SP00_religious easter decorations_EXACT_Nguyen,,,,,enabled,,,,,,,,,,,,,,,
Sponsored Products,Campaign,Update,218741570828824,,188299541564956,,,,B0GJ5DM9LJ_SP00_easter christian decor_EXACT_Nguyen,,,,,enabled,,,,,,,,,,,,,,,
Sponsored Products,Campaign,Update,115012990312439,,212170875998610,,,,B0GY4JSS94_SP00_happy dad_PHRASE_Nguyen,,,,,enabled,,,,,,,,,,,,,,,
Sponsored Products,Campaign,Update,145608047655794,,212170875998610,,,,B0GY4JSS94_SP02_AUTO_Nguyen,,,,,enabled,,,,,,,,,,,,,,,
Sponsored Products,Campaign,Update,166300513737684,,212170875998610,,,,B0GY4JSS94_SP00_dad hat_EXACT_Nguyen,,,,,enabled,,,,,,,,,,,,,,,
Sponsored Products,Campaign,Update,40420224352394,,212170875998610,,,,B0GWRC6XR9_SP02_AUTO_Nguyen,,,,,enabled,,,,,,,,,,,,,,,
Sponsored Products,Campaign,Update,207515088427224,,212170875998610,,,,B0GWRC6XR9_SP00_father daughter_BROAD_Nguyen,,,,,enabled,,,,,,,,,,,,,,,
Sponsored Products,Campaign,Update,88994097591888,,212170875998610,,,,B0GWRC6XR9_SP00_dad hat_EXACT_Nguyen,,,,,enabled,,,,,,,,,,,,,,,
Sponsored Products,Campaign,Update,153218951479460,,212170875998610,,,,B0GWRC6XR9_SP03_PT_0_Nguyen,,,,,enabled,,,,,,,,,,,,,,,
Sponsored Products,Campaign,Update,191917591517380,,212170875998610,,,,B0GWRC6XR9_SP03_PT_ALLSG_Nguyen,,,,,enabled,,,,,,,,,,,,,,,
Sponsored Products,Campaign,Update,135523695333447,,212170875998610,,,,B0GWRC6XR9_SP00_dad trucker hat_PHRASE_Nguyen,,,,,enabled,,,,,,,,,,,,,,,
Sponsored Products,Campaign,Update,280906105030003,,212170875998610,,,,B0GWRC6XR9_SP00_dad hat_PHRASE_Nguyen,,,,,enabled,,,,,,,,,,,,,,,
Sponsored Products,Campaign,Update,163679623727014,,212170875998610,,,,B0GWRC6XR9_SP00_mens trucker hat_PHRASE_Nguyen,,,,,enabled,,,,,,,,,,,,,,,
Sponsored Products,Campaign,Update,253969540361715,,212170875998610,,,,B0GWRC6XR9_SP03_PT_B0CKFZ9F5T_Nguyen,,,,,enabled,,,,,,,,,,,,,,,
Sponsored Products,Campaign,Update,38294414860183,,212170875998610,,,,B0GWRC6XR9_SP00_fathers day hat for men_EXACT_Nguyen,,,,,enabled,,,,,,,,,,,,,,,
Sponsored Products,Campaign,Update,31430191849927,,212170875998610,,,,B0GWRC6XR9_SP00_dad hat_PHRASE_v2_Nguyen,,,,,enabled,,,,,,,,,,,,,,,
Sponsored Products,Campaign,Update,151998288554893,,212170875998610,,,,B0GWRC6XR9_SP00_dad hat_EXACT_v2_Nguyen,,,,,enabled,,,,,,,,,,,,,,,
Sponsored Products,Campaign,Update,24755569654831,,212170875998610,,,,B0GWQF4FM6_SP00_KT_exact_dad_Nguyen,,,,,enabled,,,,,,,,,,,,,,,
Sponsored Products,Campaign,Update,14572867516151,,212170875998610,,,,B0GWQF4FM6_SP03_PT_Dad_Nguyen,,,,,enabled,,,,,,,,,,,,,,,
Sponsored Products,Campaign,Update,86213609639560,,212170875998610,,,,B0GWQF4FM6_SP00_dad jokes_PHRASE_Nguyen,,,,,enabled,,,,,,,,,,,,,,,
Sponsored Products,Campaign,Update,130976431668565,,212170875998610,,,,B0GWQF4FM6_SP00_funny gift_EXACT_Nguyen,,,,,enabled,,,,,,,,,,,,,,,
Sponsored Products,Campaign,Update,279146662584846,,212170875998610,,,,B0GWQF4FM6_SP00_gag gifts for men_EXACT_Nguyen,,,,,enabled,,,,,,,,,,,,,,,
Sponsored Products,Campaign,Update,160027053899179,,212170875998610,,,,B0GWQF4FM6_SP00_birthday card for dad_EXACT_Nguyen,,,,,enabled,,,,,,,,,,,,,,,
Sponsored Products,Campaign,Update,49647371641080,,212170875998610,,,,B0GWQF4FM6_SP00_dad birthday_PHRASE_Nguyen,,,,,enabled,,,,,,,,,,,,,,,
Sponsored Products,Campaign,Update,8925462985028,,212170875998610,,,,B0GWQF4FM6_SP00_funny gift_PHRASE_Nguyen,,,,,enabled,,,,,,,,,,,,,,,
Sponsored Products,Campaign,Update,54541550871056,,212170875998610,,,,B0GWQF4FM6_SP00_funny birthday card for dad_EXACT_Nguyen,,,,,enabled,,,,,,,,,,,,,,,
Sponsored Products,Campaign,Update,254946396085542,,212170875998610,,,,B0GWQF4FM6_SP00_funny gifts for men_EXACT_Nguyen,,,,,enabled,,,,,,,,,,,,,,,
Sponsored Products,Campaign,Update,139790639882326,,212170875998610,,,,B0GWQF4FM6_SP00_fathers day gifts_EXACT_Nguyen,,,,,enabled,,,,,,,,,,,,,,,
Sponsored Products,Campaign,Update,7285956379864,,212170875998610,,,,B0GWQF4FM6_SP00_gifts for dads_EXACT_Nguyen,,,,,enabled,,,,,,,,,,,,,,,
Sponsored Products,Campaign,Update,138334381110340,,212170875998610,,,,B0GWQF4FM6_SP00_dad joke button_EXACT_Nguyen,,,,,enabled,,,,,,,,,,,,,,,
Sponsored Products,Campaign,Update,11446755364596,,212170875998610,,,,B0GWQF4FM6_SP00_fathers birthday gifts_EXACT_Nguyen,,,,,enabled,,,,,,,,,,,,,,,
Sponsored Products,Campaign,Update,247997336846037,,212170875998610,,,,B0GWQF4FM6_SP00_father day gifts_PHRASE_Nguyen,,,,,enabled,,,,,,,,,,,,,,,
Sponsored Products,Campaign,Update,175819665227986,,212170875998610,,,,B0GWQF4FM6_SP00_best dad gifts_EXACT_Nguyen,,,,,enabled,,,,,,,,,,,,,,,
Sponsored Products,Campaign,Update,258836221570742,,212170875998610,,,,B0GWQF4FM6_SP00_dads birthday_EXACT_Nguyen,,,,,enabled,,,,,,,,,,,,,,,
Sponsored Products,Campaign,Update,170739394641644,,212170875998610,,,,B0GWQF4FM6_SP00_dad gift_PHRASE_Nguyen,,,,,enabled,,,,,,,,,,,,,,,
Sponsored Products,Campaign,Update,129260745928977,,212170875998610,,,,B0GWQF4FM6_SP00_birthday gifts for dad_EXACT_Nguyen,,,,,enabled,,,,,,,,,,,,,,,
Sponsored Products,Campaign,Update,42382536893418,,212170875998610,,,,B0GWQF4FM6_SP00_dad stuff_EXACT_Nguyen,,,,,enabled,,,,,,,,,,,,,,,
Sponsored Products,Campaign,Update,107665155949722,,212170875998610,,,,B0GWQF4FM6_SP00_fathers day gifts for dad_EXACT_Nguyen,,,,,enabled,,,,,,,,,,,,,,,
Sponsored Products,Campaign,Update,221272044609234,,212170875998610,,,,B0GWQF4FM6_SP00_birthday card for dad_PHRASE_Nguyen,,,,,enabled,,,,,,,,,,,,,,,
Sponsored Products,Campaign,Update,34411174922303,,212170875998610,,,,B0GWQF4FM6_SP00_birthday gift for men_PHRASE_Nguyen,,,,,enabled,,,,,,,,,,,,,,,
Sponsored Products,Campaign,Update,87514768790485,,212170875998610,,,,B0GWQF4FM6_SP00_father day gifts_EXACT_Nguyen,,,,,enabled,,,,,,,,,,,,,,,
Sponsored Products,Campaign,Update,25714628185123,,212170875998610,,,,B0GWQF4FM6_SP00_father gifts_PHRASE_Nguyen,,,,,enabled,,,,,,,,,,,,,,,
Sponsored Products,Campaign,Update,102507945283298,,212170875998610,,,,B0GWQF4FM6_SP00_dad birthday gift_EXACT_Nguyen,,,,,enabled,,,,,,,,,,,,,,,
Sponsored Products,Campaign,Update,116665243606100,,212170875998610,,,,B0GWQF4FM6_SP00_gift for dad_PHRASE_Nguyen,,,,,enabled,,,,,,,,,,,,,,,
Sponsored Products,Campaign,Update,209787570063420,,212170875998610,,,,B0GWQF4FM6_SP00_presents for dad_PHRASE_Nguyen,,,,,enabled,,,,,,,,,,,,,,,
Sponsored Products,Campaign,Update,221415690565307,,212170875998610,,,,B0GWQF4FM6_SP00_gag gifts for men_PHRASE_Nguyen,,,,,enabled,,,,,,,,,,,,,,,
Sponsored Products,Campaign,Update,38492455953458,,212170875998610,,,,B0GWQF4FM6_SP00_new dad gifts_PHRASE_Nguyen,,,,,enabled,,,,,,,,,,,,,,,
Sponsored Products,Campaign,Update,9183189839008,,212170875998610,,,,B0GWQF4FM6_SP00_cool gadgets_PHRASE_Nguyen,,,,,enabled,,,,,,,,,,,,,,,
Sponsored Products,Campaign,Update,172832306344661,,240077712323146,,,,B0DZWZY8VX_SP03_PT_EASTER_Nguyen,,,,,enabled,,,,,,,,,,,,,,,
Sponsored Products,Campaign,Update,4783720740971,,240077712323146,,,,B0DZWZY8VX_SP00_easter decorations for home_EXACT_Nguyen,,,,,enabled,,,,,,,,,,,,,,,
Sponsored Products,Campaign,Update,11371065935631,,240077712323146,,,,B0DZWZY8VX_SP00_easter spring decor_EXACT_Nguyen,,,,,enabled,,,,,,,,,,,,,,,
Sponsored Products,Campaign,Update,53407083624410,,240077712323146,,,,B0DZWZY8VX_SP00_easter table decor_EXACT_Nguyen,,,,,enabled,,,,,,,,,,,,,,,
Sponsored Products,Campaign,Update,11168076881387,,212170875998610,,,,B0GS645DBF_SP00_KT_ALL_dad_Nguyen,,,,,enabled,,,,,,,,,,,,,,,
Sponsored Products,Campaign,Update,11432869578404,,190563598212845,,,,B0GS645DBF_SP00_KT_ALL-Dad_Nguyen,,,,,enabled,,,,,,,,,,,,,,,
Sponsored Products,Campaign,Update,194340770831349,,212170875998610,,,,B0GS645DBF_SP00_KT_diy_Nguyen,,,,,enabled,,,,,,,,,,,,,,,
Sponsored Products,Campaign,Update,41165922247537,,190563598212845,,,,B0GS5R4ZS6_SP02_AUTO_Nguyen,,,,,enabled,,,,,,,,,,,,,,,
Sponsored Products,Campaign,Update,198585139073412,,190563598212845,,,,B0GS5R4ZS6_SP03_PT_Hands_Nguyen,,,,,enabled,,,,,,,,,,,,,,,
Sponsored Products,Campaign,Update,204928785989288,,190563598212845,,,,B0GS5R4ZS6_SP00_KT_mothers_Nguyen,,,,,enabled,,,,,,,,,,,,,,,
Sponsored Products,Campaign,Update,243773457718017,,190563598212845,,,,B0GS5R4ZS6_SP00_KT_diy_Nguyen,,,,,enabled,,,,,,,,,,,,,,,
Sponsored Products,Campaign,Update,103537338147050,,190563598212845,,,,B0GS5R4ZS6_SP00_mothers day crafts for kids_EXACT_Nguyen,,,,,enabled,,,,,,,,,,,,,,,
Sponsored Products,Campaign,Update,226760914925378,,190563598212845,,,,B0GS5R4ZS6_SP00_KT_ALLSG_Nguyen,,,,,enabled,,,,,,,,,,,,,,,
Sponsored Products,Campaign,Update,167411672855244,,190563598212845,,,,B0GS5R4ZS6_SP00_KT_ALLSG_Mom_Nguyen,,,,,enabled,,,,,,,,,,,,,,,
Sponsored Products,Campaign,Update,99894565783714,,182626034685672,,,,B0F194KGJY_SP00_mom gifts_EXACT_Nguyen,,,,,enabled,,,,,,,,,,,,,,,
Sponsored Products,Campaign,Update,439785530654406,,46248086147974,,,,B0CSJZLTP5_SP00_bridal shower gift idea_EXACT_Nguyen,,,,,enabled,,,,,,,,,,,,,,,
Sponsored Products,Campaign,Update,414975158511121,,46248086147974,,,,B0CSJZLTP5_SP00_positivity_EXACT_Nguyen,,,,,enabled,,,,,,,,,,,,,,,
Sponsored Products,Campaign,Update,256513475365065,,62662822263955,,,,B0GVYMXG84_SP02_AUTO_Nguyen,,,,,enabled,,,,,,,,,,,,,,,
Sponsored Products,Campaign,Update,259436952327743,,182626034685672,,,,B0GVYRBWXK_SP00_gifts for mom_EXACT_Nguyen,,,,,enabled,,,,,,,,,,,,,,,
Sponsored Products,Campaign,Update,103922243385411,,182626034685672,,,,B0GSDQ2CQ6_SP02_AUTO_Nguyen,,,,,enabled,,,,,,,,,,,,,,,
Sponsored Products,Campaign,Update,209690663983969,,230401212177914,,,,B0GVZ1733Q_SP00_KT_PER_exact_nurse_Nguyen,,,,,enabled,,,,,,,,,,,,,,,
Sponsored Products,Campaign,Update,199689232027783,,107414314064893,,,,B0GVYXMMNX_SP00_badge reel_PHRASE_Nguyen,,,,,enabled,,,,,,,,,,,,,,,
Sponsored Products,Campaign,Update,153498265163657,,107414314064893,,,,B0GVYXMMNX_SP02_AUTO_Nguyen,,,,,enabled,,,,,,,,,,,,,,,
Sponsored Products,Campaign,Update,117900293687306,,107414314064893,,,,B0GVYXMMNX_SP00_badge reels retractable_EXACT_Nguyen,,,,,enabled,,,,,,,,,,,,,,,
Sponsored Products,Campaign,Update,119371140329862,,107414314064893,,,,B0GVYXMMNX_SP00_badge reel cute_PHRASE_Nguyen,,,,,enabled,,,,,,,,,,,,,,,
Sponsored Products,Campaign,Update,246289935720420,,107414314064893,,,,B0GVYXMMNX_SP00_lpn badge reel_EXACT_Nguyen,,,,,enabled,,,,,,,,,,,,,,,
Sponsored Products,Campaign,Update,167837348389007,,107414314064893,,,,B0GVYXMMNX_SP00_cute badge reel_PHRASE_Nguyen,,,,,enabled,,,,,,,,,,,,,,,
Sponsored Products,Campaign,Update,650627898674,,107414314064893,,,,B0GVYXMMNX_SP00_nurse badge reel_EXACT_Nguyen,,,,,enabled,,,,,,,,,,,,,,,
Sponsored Products,Campaign,Update,180378182126684,,107414314064893,,,,B0GVYXMMNX_SP00_nurse badge reel_PHRASE_Nguyen,,,,,enabled,,,,,,,,,,,,,,,
Sponsored Products,Campaign,Update,66455004285817,,107414314064893,,,,B0GVYXMMNX_SP00_badge reels retractable_PHRASE_Nguyen,,,,,enabled,,,,,,,,,,,,,,,
Sponsored Products,Campaign,Update,152068553105752,,107414314064893,,,,B0GVYXMMNX_SP00_cna badge accessories_EXACT_Nguyen,,,,,enabled,,,,,,,,,,,,,,,
Sponsored Products,Campaign,Update,30176645992399,,107414314064893,,,,B0GVYXMMNX_SP00_cna badge accessories_PHRASE_Nguyen,,,,,enabled,,,,,,,,,,,,,,,
Sponsored Products,Campaign,Update,453201887000074,,276741449838676,,,,B0FGJLYRZP_SP00_KT_211025_Nguyen,,,,,enabled,,,,,,,,,,,,,,,
Sponsored Products,Campaign,Update,469020502286655,,188967368712682,,,,B0FJRX2KDG_SP00_KT_SALE_111125_Nguyen,,,,,enabled,,,,,,,,,,,,,,,
Sponsored Products,Campaign,Update,411868851262641,,188967368712682,,,,B0FJRX2KDG_SP00_KT_EXBRPR0T_Nguyen,,,,,enabled,,,,,,,,,,,,,,,
Sponsored Products,Campaign,Update,446609263692026,,188967368712682,,,,B0FJRX2KDG_SP00_dragonfly ornament_EXACT_Nguyen,,,,,enabled,,,,,,,,,,,,,,,
Sponsored Products,Campaign,Update,334155394444317,,188967368712682,,,,B0FJRX2KDG_SP00_KT_Nguyen,,,,,enabled,,,,,,,,,,,,,,,
Sponsored Products,Campaign,Update,15320847523005,,107414314064893,,,,B0FLTZL684_SP00_KT_MOM_Nguyen,,,,,enabled,,,,,,,,,,,,,,,
Sponsored Products,Campaign,Update,411305806053343,,107414314064893,,,,B0FDZ9S1C4_SP00_KT_SG-DATEDIVE_301025_Nguyen,,,,,enabled,,,,,,,,,,,,,,,
Sponsored Products,Campaign,Update,70133520878325,,107414314064893,,,,B0F62HNF16_SP00_KT_nurse_Nguyen,,,,,enabled,,,,,,,,,,,,,,,
Sponsored Products,Campaign,Update,84652936548757,,107414314064893,,,,B0F62HNF16_SP00_KT_nurse_v2_Nguyen,,,,,enabled,,,,,,,,,,,,,,,
Sponsored Products,Campaign,Update,471583257590685,,107414314064893,,,,B0F62HNF16_SP00_gifts nurses female_PHRASE_Nguyen,,,,,enabled,,,,,,,,,,,,,,,
Sponsored Products,Campaign,Update,191293296024609,,107414314064893,,,,B0F62HNF16_SP00_nurse graduation_PHRASE_Nguyen,,,,,enabled,,,,,,,,,,,,,,,
Sponsored Products,Campaign,Update,420816958965752,,107414314064893,,,,B0F62HNF16_SP00_KT_ALLSG_Nguyen,,,,,enabled,,,,,,,,,,,,,,,
Sponsored Products,Campaign,Update,93222361417902,,107414314064893,,,,B0F62HNF16_SP03_PT_nurse_Nguyen,,,,,enabled,,,,,,,,,,,,,,,
Sponsored Products,Campaign,Update,169110416239405,,107414314064893,,,,B0F62HNF16_SP00_nurse graduation gifts_EXACT_Nguyen,,,,,enabled,,,,,,,,,,,,,,,
Sponsored Products,Campaign,Update,193308747473290,,107414314064893,,,,B0F62HNF16_SP00_nurse ornament_EXACT_Nguyen,,,,,enabled,,,,,,,,,,,,,,,
Sponsored Products,Campaign,Update,148766728706677,,107414314064893,,,,B0F62HNF16_SP00_nurse ornament 2026_EXACT_Nguyen,,,,,enabled,,,,,,,,,,,,,,,
Sponsored Products,Campaign,Update,280478393170387,,107414314064893,,,,B0F62HNF16_SP00_lvn nurse gifts_EXACT_Nguyen,,,,,enabled,,,,,,,,,,,,,,,
Sponsored Products,Campaign,Update,33548729079732,,107414314064893,,,,B0F62HNF16_SP00_nurse graduation gifts for women_EXACT_Nguyen,,,,,enabled,,,,,,,,,,,,,,,
Sponsored Products,Campaign,Update,57830157243752,,107414314064893,,,,B0FGJRJFGZ_SP00_KT_EXBRPR_nurse_Nguyen,,,,,enabled,,,,,,,,,,,,,,,
Sponsored Products,Campaign,Update,549695708747572,,276741449838676,,,,B0FGTDXPMB_SP00_KT_171225_Nguyen,,,,,enabled,,,,,,,,,,,,,,,
Sponsored Products,Campaign,Update,329582966306380,,276741449838676,,,,B0FGT5CCWQ_SP00_KT-TURTLE_171225_Nguyen,,,,,enabled,,,,,,,,,,,,,,,
Sponsored Products,Campaign,Update,516525530117444,,234817175057079,,,,B0FXGYCV6F_SP03_PT_DUC_Nguyen,,,,,enabled,,,,,,,,,,,,,,,
Sponsored Products,Campaign,Update,308773863706877,,160559222511437,,,,B0FS68WLRJ_SP03_PT_B0F8Q7TN7H_Nguyen,,,,,enabled,,,,,,,,,,,,,,,
Sponsored Products,Campaign,Update,547066327810425,,160559222511437,,,,B0FS68WLRJ_SP00_bee gifts_PHRASE_Nguyen,,,,,enabled,,,,,,,,,,,,,,,
Sponsored Products,Campaign,Update,397484768629696,,160559222511437,,,,B0FS68WLRJ_SP00_positive bee_EXACT_Nguyen,,,,,enabled,,,,,,,,,,,,,,,
Sponsored Products,Campaign,Update,502913432196455,,160559222511437,,,,B0FS68WLRJ_SP03_PT_keyword-groupgift_Nguyen,,,,,enabled,,,,,,,,,,,,,,,
Sponsored Products,Campaign,Update,464117723979993,,234817175057079,,,,B0FXGWK9FV_SP00_KT_EX_FOOTBALL0_Nguyen,,,,,enabled,,,,,,,,,,,,,,,
Sponsored Products,Campaign,Update,446235152842630,,88958883595750,,,,B0F9PGKBX2_SP00_turtle gifts_BROAD_Nguyen,,,,,enabled,,,,,,,,,,,,,,,
Sponsored Products,Campaign,Update,539080169787307,,88958883595750,,,,B0F9PGKBX2_SP00_turtle gifts_EXACT_Nguyen,,,,,enabled,,,,,,,,,,,,,,,
Sponsored Products,Campaign,Update,482617786855285,,88958883595750,,,,B0F9PGKBX2_SP03_PT_Nguyen,,,,,enabled,,,,,,,,,,,,,,,
Sponsored Products,Campaign,Update,301676664330890,,88958883595750,,,,B0F9PGKBX2_SP00_positive turtle jar_EXACT_Nguyen,,,,,enabled,,,,,,,,,,,,,,,
Sponsored Products,Campaign,Update,55071861783464,,88958883595750,,,,B0FN771G36_SP00_KT_TURTLE_Nguyen,,,,,enabled,,,,,,,,,,,,,,,
Sponsored Products,Campaign,Update,531377236247772,,52732097125765,,,,B0FS6B7BN2_SP00_KT_0T_111125_Nguyen,,,,,enabled,,,,,,,,,,,,,,,
Sponsored Products,Campaign,Update,465783455605624,,52732097125765,,,,B0FS6B7BN2_SP00_KT_50T_111125_Nguyen,,,,,enabled,,,,,,,,,,,,,,,
Sponsored Products,Campaign,Update,486120490541051,,,,,,B0DKP5B7P5_SP00_highland cow decor_BROAD_Nguyen,,,,,enabled,,,,,,,,,,,,,,,
Sponsored Products,Campaign,Update,412614022790323,,205621228502514,,,,B0FBM5TDLH_SP00_KT_START-RANK_070126_Nguyen,,,,,enabled,,,,,,,,,,,,,,,
Sponsored Products,Campaign,Update,420654998896034,,205621228502514,,,,B0FBM5TDLH_SP00_KT_EX_20T_Nguyen,,,,,enabled,,,,,,,,,,,,,,,
Sponsored Products,Campaign,Update,360102018258878,,243477825309241,,,,B0FDWNP259_SP00_back to school board_EXACT_Nguyen,,,,,enabled,,,,,,,,,,,,,,,
Sponsored Products,Campaign,Update,341386152714688,,243477825309241,,,,B0FDWNP259_SP00_last day of school_PHRASE_Nguyen,,,,,enabled,,,,,,,,,,,,,,,
Sponsored Products,Campaign,Update,400546716438263,,243477825309241,,,,B0FDWNP259_SP03_PT_B07CV7F8NC_Nguyen,,,,,enabled,,,,,,,,,,,,,,,
Sponsored Products,Campaign,Update,359161948283381,,243477825309241,,,,B0FDWNP259_SP00_first day preschool sign_BROAD_Nguyen,,,,,enabled,,,,,,,,,,,,,,,
Sponsored Products,Campaign,Update,257169455295941,,243477825309241,,,,B0FDWNP259_SP00_first last day school board_EXACT_Nguyen,,,,,enabled,,,,,,,,,,,,,,,
Sponsored Products,Campaign,Update,195022888644145,,243477825309241,,,,B0FDWNP259_SP00_first day of school board_EXACT_Nguyen,,,,,enabled,,,,,,,,,,,,,,,
Sponsored Products,Campaign,Update,223146930760926,,243477825309241,,,,B0FDWNP259_SP00_first day school board_EXACT_Nguyen,,,,,enabled,,,,,,,,,,,,,,,
Sponsored Products,Campaign,Update,282465700723828,,243477825309241,,,,B0FDWNP259_SP00_school chalk_PHRASE_Nguyen,,,,,enabled,,,,,,,,,,,,,,,
Sponsored Products,Campaign,Update,77948574042623,,243477825309241,,,,B0FDWNP259_SP00_school boards_PHRASE_Nguyen,,,,,enabled,,,,,,,,,,,,,,,
Sponsored Products,Campaign,Update,13960833380339,,243477825309241,,,,B0FDWNP259_SP00_school boards_EXACT_Nguyen,,,,,enabled,,,,,,,,,,,,,,,
Sponsored Products,Campaign,Update,520196319954509,,243477825309241,,,,B0FDWNP259_SP03_PT_B0FDWNP259_Nguyen,,,,,enabled,,,,,,,,,,,,,,,
Sponsored Products,Campaign,Update,286936575624489,,243477825309241,,,,B0FDWNP259_SP00_last day of pre k_EXACT_Nguyen,,,,,enabled,,,,,,,,,,,,,,,
Sponsored Products,Campaign,Update,80336177809710,,243477825309241,,,,B0FDWNP259_SP00_school boards_EXACT_v2_Nguyen,,,,,enabled,,,,,,,,,,,,,,,
Sponsored Products,Campaign,Update,208003334987029,,243477825309241,,,,B0FDWNP259_SP00_first day of school board_PHRASE_Nguyen,,,,,enabled,,,,,,,,,,,,,,,
Sponsored Products,Campaign,Update,274810641335412,,243477825309241,,,,B0FDWNP259_SP00_preschool board sign_EXACT_Nguyen,,,,,enabled,,,,,,,,,,,,,,,
Sponsored Products,Campaign,Update,117603988462286,,243477825309241,,,,B0FDWNP259_SP00_first day school board_PHRASE_Nguyen,,,,,enabled,,,,,,,,,,,,,,,
Sponsored Products,Campaign,Update,19079716018829,,209757982448080,,,,B0GV365N6Z_SP00_KT_ALLSG_Nguyen,,,,,enabled,,,,,,,,,,,,,,,
Sponsored Products,Campaign,Update,246817168461255,,209757982448080,,,,B0GV365N6Z_SP03_PT_ALLSG_Nguyen,,,,,enabled,,,,,,,,,,,,,,,
Sponsored Products,Campaign,Update,203788641334310,,209757982448080,,,,B0GV365N6Z_SP02_AUTO_Nguyen,,,,,enabled,,,,,,,,,,,,,,,
Sponsored Products,Campaign,Update,274805895989851,,205621228502514,,,,B0F5V9Z11R_SP00_KT_reward_Nguyen,,,,,enabled,,,,,,,,,,,,,,,
Sponsored Products,Campaign,Update,210675400470301,,205621228502514,,,,B0F5V9Z11R_SP00_reward jar_PHRASE_Nguyen,,,,,enabled,,,,,,,,,,,,,,,
Sponsored Products,Campaign,Update,267867587257380,,205621228502514,,,,B0F5V9Z11R_SP00_reward jar_EXACT_Nguyen,,,,,enabled,,,,,,,,,,,,,,,
Sponsored Products,Campaign,Update,198302236859282,,205621228502514,,,,B0F5V9Z11R_SP00_kids reward chart_EXACT_Nguyen,,,,,enabled,,,,,,,,,,,,,,,
Sponsored Products,Campaign,Update,467511456335912,,205621228502514,,,,B0F5V9Z11R_SP02_AUTO_Nguyen,,,,,enabled,,,,,,,,,,,,,,,
Sponsored Products,Campaign,Update,378507844506801,,205621228502514,,,,B0F5V9Z11R_SP00_smart cookie reward jar for classroom_BROAD_Nguyen,,,,,enabled,,,,,,,,,,,,,,,
Sponsored Products,Campaign,Update,277572323933591,,205621228502514,,,,B0F5V9Z11R_SP00_KT_reward_v2_Nguyen,,,,,enabled,,,,,,,,,,,,,,,
Sponsored Products,Campaign,Update,243522066815796,,205621228502514,,,,B0F5V9Z11R_SP00_classroom management tools_EXACT_Nguyen,,,,,enabled,,,,,,,,,,,,,,,
Sponsored Products,Campaign,Update,212829568776390,,205621228502514,,,,B0F5V9Z11R_SP00_classroom management tools_BROAD_Nguyen,,,,,enabled,,,,,,,,,,,,,,,
Sponsored Products,Campaign,Update,138936317906518,,230401212177914,,,,B0F5V9Z11R_SP00_reward jars for kids_EXACT_Nguyen,,,,,enabled,,,,,,,,,,,,,,,
Sponsored Products,Campaign,Update,504850717249400,,205621228502514,,,,B0F5V9Z11R_SP00_potty chart for toddlers girls_PHRASE_Nguyen,,,,,enabled,,,,,,,,,,,,,,,
Sponsored Products,Campaign,Update,316778234743995,,205621228502514,,,,B0F5V9Z11R_SP00_diy kid_PHRASE_Nguyen,,,,,enabled,,,,,,,,,,,,,,,
Sponsored Products,Campaign,Update,70475909009076,,205621228502514,,,,B0F5V9Z11R_SP00_reward jar kid_EXACT_Nguyen,,,,,enabled,,,,,,,,,,,,,,,
Sponsored Products,Campaign,Update,381704415124633,,205621228502514,,,,B0F5V9Z11R_SP00_school girl style_EXACT_Nguyen,,,,,enabled,,,,,,,,,,,,,,,
Sponsored Products,Campaign,Update,200212913950784,,230401212177914,,,,B0F5V9Z11R_SP00_magnetic reward jar_EXACT_Nguyen,,,,,enabled,,,,,,,,,,,,,,,
Sponsored Products,Campaign,Update,316341882102344,,205621228502514,,,,B0F5V9Z11R_SP00_kid reward jar_PHRASE_Nguyen,,,,,enabled,,,,,,,,,,,,,,,
Sponsored Products,Campaign,Update,265362867300565,,205621228502514,,,,B0F5V9Z11R_SP00_classroom management tools_PHRASE_Nguyen,,,,,enabled,,,,,,,,,,,,,,,
Sponsored Products,Campaign,Update,119623156125496,,205621228502514,,,,B0F5V9Z11R_SP00_reward jar classroom_EXACT_Nguyen,,,,,enabled,,,,,,,,,,,,,,,
Sponsored Products,Campaign,Update,521713406569845,,205621228502514,,,,B0F5V9Z11R_SP03_PT_keyword-groupgift_Nguyen,,,,,enabled,,,,,,,,,,,,,,,
Sponsored Products,Campaign,Update,28819738885659,,205621228502514,,,,B0F5V9Z11R_SP00_reward jar for kid_EXACT_Nguyen,,,,,enabled,,,,,,,,,,,,,,,
Sponsored Products,Campaign,Update,338794778828097,,205621228502514,,,,B0F5V9Z11R_SP00_class reward jar_EXACT_Nguyen,,,,,enabled,,,,,,,,,,,,,,,
Sponsored Products,Campaign,Update,91165478339565,,205621228502514,,,,B0F5V9Z11R_SP00_KT_mother_Nguyen,,,,,enabled,,,,,,,,,,,,,,,
Sponsored Products,Campaign,Update,159913530791208,,205621228502514,,,,B0F5V9Z11R_SP00_KT_behavior_Nguyen,,,,,enabled,,,,,,,,,,,,,,,
Sponsored Products,Campaign,Update,402965647100,,205621228502514,,,,B0F5V9Z11R_SP00_reward jar_BROAD_Nguyen,,,,,enabled,,,,,,,,,,,,,,,
Sponsored Products,Campaign,Update,258324197219064,,205621228502514,,,,B0F5V9Z11R_SP00_magnetic behavior jar_EXACT_Nguyen,,,,,enabled,,,,,,,,,,,,,,,
Sponsored Products,Campaign,Update,83519598913423,,205621228502514,,,,B0F5V9Z11R_SP00_teaching supplies for the classroom_BROAD_Nguyen,,,,,enabled,,,,,,,,,,,,,,,
Sponsored Products,Campaign,Update,238445913740493,,205621228502514,,,,B0F5V9Z11R_SP00_toddler reward jar_EXACT_Nguyen,,,,,enabled,,,,,,,,,,,,,,,
Sponsored Products,Campaign,Update,252899371055573,,205621228502514,,,,B0F5V9Z11R_SP00_magnetic reward jar for classroom_EXACT_Nguyen,,,,,enabled,,,,,,,,,,,,,,,
Sponsored Products,Campaign,Update,380934759614486,,205621228502514,,,,B0F5V9Z11R_SP00_1st grade classroom must haves_EXACT_Nguyen,,,,,enabled,,,,,,,,,,,,,,,
Sponsored Products,Campaign,Update,244692446649887,,205621228502514,,,,B0F5V9Z11R_SP00_reward jars for kids_EXACT_v2_Nguyen,,,,,enabled,,,,,,,,,,,,,,,
Sponsored Products,Campaign,Update,112912477269384,,205621228502514,,,,B0F5V9Z11R_SP00_teaching supplies for the classroom_EXACT_Nguyen,,,,,enabled,,,,,,,,,,,,,,,
Sponsored Products,Campaign,Update,232502151361989,,205621228502514,,,,B0F5V9Z11R_SP00_class reward jar magnetic_EXACT_Nguyen,,,,,enabled,,,,,,,,,,,,,,,
Sponsored Products,Campaign,Update,209655429260857,,205621228502514,,,,B0F5V9Z11R_SP00_reward jar classroom_PHRASE_Nguyen,,,,,enabled,,,,,,,,,,,,,,,
Sponsored Products,Campaign,Update,278267314150783,,205621228502514,,,,B0F5V9Z11R_SP00_KT_phrase_reward_Nguyen,,,,,enabled,,,,,,,,,,,,,,,
Sponsored Products,Campaign,Update,83868484177375,,205621228502514,,,,B0F5V9Z11R_SP00_toddler reward jar_BROAD_Nguyen,,,,,enabled,,,,,,,,,,,,,,,
Sponsored Products,Campaign,Update,128020547477191,,205621228502514,,,,B0F5V9Z11R_SP00_reward jars for kids_PHRASE_Nguyen,,,,,enabled,,,,,,,,,,,,,,,
Sponsored Products,Campaign,Update,143219597748503,,205621228502514,,,,B0F5V9Z11R_SP00_kids reward chart_PHRASE_Nguyen,,,,,enabled,,,,,,,,,,,,,,,
Sponsored Products,Campaign,Update,223296654255540,,205621228502514,,,,B0F5V9Z11R_SP00_smiley face reward jar_EXACT_Nguyen,,,,,enabled,,,,,,,,,,,,,,,
Sponsored Products,Campaign,Update,108324069973667,,205621228502514,,,,B0F5V9Z11R_SP00_kids reward chart_BROAD_Nguyen,,,,,enabled,,,,,,,,,,,,,,,
Sponsored Products,Campaign,Update,270602081124957,,205621228502514,,,,B0F5V9Z11R_SP00_reward jar kid_PHRASE_Nguyen,,,,,enabled,,,,,,,,,,,,,,,
Sponsored Products,Campaign,Update,158678409566551,,205621228502514,,,,B0F5V9Z11R_SP00_magnetic reward jar for classroom_PHRASE_Nguyen,,,,,enabled,,,,,,,,,,,,,,,
Sponsored Products,Campaign,Update,145808222535333,,205621228502514,,,,B0F5V9Z11R_SP00_smiley face reward jar_PHRASE_Nguyen,,,,,enabled,,,,,,,,,,,,,,,
Sponsored Products,Campaign,Update,503632156047277,,205621228502514,,,,B0F5V9Z11R_SP00_kids reward chart_BROAD_v2_Nguyen,,,,,enabled,,,,,,,,,,,,,,,
Sponsored Products,Campaign,Update,172781626914102,,205621228502514,,,,B0F5V9Z11R_SP00_magnetic reward jar for boys_BROAD_Nguyen,,,,,enabled,,,,,,,,,,,,,,,
Sponsored Products,Campaign,Update,87136340812820,,205621228502514,,,,B0F5V9Z11R_SP00_behavior reward system for kids_EXACT_Nguyen,,,,,enabled,,,,,,,,,,,,,,,
Sponsored Products,Campaign,Update,50173629004788,,205621228502514,,,,B0F5V9Z11R_SP00_toddler reward jar_PHRASE_Nguyen,,,,,enabled,,,,,,,,,,,,,,,
Sponsored Products,Campaign,Update,52962694873498,,205621228502514,,,,B0F5V9Z11R_SP00_behavior reward system for kids_BROAD_Nguyen,,,,,enabled,,,,,,,,,,,,,,,
Sponsored Products,Campaign,Update,130910507528067,,205621228502514,,,,B0F5V9Z11R_SP00_magnetic behavior jar_PHRASE_Nguyen,,,,,enabled,,,,,,,,,,,,,,,
Sponsored Products,Campaign,Update,123489027531868,,205621228502514,,,,B0F5V9Z11R_SP00_teaching supplies for the classroom_PHRASE_Nguyen,,,,,enabled,,,,,,,,,,,,,,,
Sponsored Products,Campaign,Update,71532827084760,,205621228502514,,,,B0F5V9Z11R_SP00_magnetic reward jar for boys_EXACT_Nguyen,,,,,enabled,,,,,,,,,,,,,,,
Sponsored Products,Campaign,Update,113132426327303,,205621228502514,,,,B0F5V9Z11R_SP00_class reward jar magnetic_PHRASE_Nguyen,,,,,enabled,,,,,,,,,,,,,,,
Sponsored Products,Campaign,Update,68013786747024,,205621228502514,,,,B0F5V9Z11R_SP00_magnetic behavior jar_BROAD_Nguyen,,,,,enabled,,,,,,,,,,,,,,,
Sponsored Products,Campaign,Update,449633068218016,,107414314064893,,,,B0DKP4PXXW_SP00_i smell snow gilmore girls_PHRASE_Nguyen,,,,,enabled,,,,,,,,,,,,,,,
Sponsored Products,Campaign,Update,346117145427393,,21440049075564,,,,B0CYGVKSGQ_SP00_blessings jar_PHRASE_Nguyen,,,,,enabled,,,,,,,,,,,,,,,
Sponsored Products,Campaign,Update,451307271583310,,21440049075564,,,,B0CYGVKSGQ_SP00_prayer jar_PHRASE_Nguyen,,,,,enabled,,,,,,,,,,,,,,,
Sponsored Products,Campaign,Update,388372107962707,,21440049075564,,,,B0CYGVKSGQ_SP00_mother day gift mom_EXACT_Nguyen,,,,,enabled,,,,,,,,,,,,,,,
Sponsored Products,Campaign,Update,298933928507080,,21440049075564,,,,B0DM93RNKC_SP03_PT_B0B8HRH539_Nguyen,,,,,enabled,,,,,,,,,,,,,,,
Sponsored Products,Campaign,Update,481142619889748,,198316202537304,,,,B0F8N9HQHN_SP00_KT_281025_Nguyen,,,,,enabled,,,,,,,,,,,,,,,
Sponsored Products,Campaign,Update,357117192663699,,21440049075564,,,,B0F7RL4G2Q_SP00_KT_Nguyen,,,,,enabled,,,,,,,,,,,,,,,
Sponsored Products,Campaign,Update,549525391083868,,21440049075564,,,,B0DT4QJWHQ_SP00_nfc bible_EXACT_Nguyen,,,,,enabled,,,,,,,,,,,,,,,
Sponsored Products,Campaign,Update,416884367631893,,198316202537304,,,,B0D3PR4S5B_SP00_bible verse cards_PHRASE_Nguyen,,,,,enabled,,,,,,,,,,,,,,,
Sponsored Products,Campaign,Update,542253686114028,,198316202537304,,,,B0D3PR4S5B_SP00_KT_Nguyen,,,,,enabled,,,,,,,,,,,,,,,
Sponsored Products,Campaign,Update,312600579285236,,198316202537304,,,,B0D3PR4S5B_SP00_gift_BROAD_Nguyen,,,,,enabled,,,,,,,,,,,,,,,
Sponsored Products,Campaign,Update,385703351138130,,198316202537304,,,,B0D3PR4S5B_SP03_PT_081225_Nguyen,,,,,enabled,,,,,,,,,,,,,,,
Sponsored Products,Campaign,Update,447695506099927,,21440049075564,,,,B0D3PR4S5B_SP00_christian accessory_PHRASE_Nguyen,,,,,enabled,,,,,,,,,,,,,,,
Sponsored Products,Campaign,Update,467848444252841,,198316202537304,,,,B0D3PR4S5B_SP00_KT_10K-20K_081225_Nguyen,,,,,enabled,,,,,,,,,,,,,,,
