Product,Entity,Operation,Campaign Id,Ad Group Id,Portfolio Id,Ad Id,Keyword Id,Product Targeting Id,Campaign Name,Ad Group Name,Start Date,End Date,Targeting Type,State,Daily Budget,SKU,ASIN,Eligibility Status,Reasons for Ineligibility,Ad Group Default Bid,Bid,Keyword Text,Match Type,Bidding Strategy,Placement,Percentage,Product Targeting Expression
Sponsored Products,Campaign,Create,250TH_HAPPY250YEARS_SP00_SPR00_250 years decorations_Exact_LHH_260526,,128613535409943,,,,250TH_HAPPY250YEARS_SP00_SPR00_250 years decorations_Exact_LHH_260526,,20260526,,Manual,Enabled,5.0,,,,,,,,,Dynamic bids - down only,,,
Sponsored Products,Bidding Adjustment,Create,250TH_HAPPY250YEARS_SP00_SPR00_250 years decorations_Exact_LHH_260526,,,,,,,,,,,Enabled,,,,,,,,,,,Placement Top,0,
Sponsored Products,Bidding Adjustment,Create,250TH_HAPPY250YEARS_SP00_SPR00_250 years decorations_Exact_LHH_260526,,,,,,,,,,,Enabled,,,,,,,,,,,Placement Product Page,0,
Sponsored Products,Bidding Adjustment,Create,250TH_HAPPY250YEARS_SP00_SPR00_250 years decorations_Exact_LHH_260526,,,,,,,,,,,Enabled,,,,,,,,,,,Placement Rest Of Search,0,
Sponsored Products,Ad Group,Create,250TH_HAPPY250YEARS_SP00_SPR00_250 years decorations_Exact_LHH_260526,AG_01_Exact_250 years decorations,,,,,,AG_01_Exact_250 years decorations,,,,Enabled,,,,,,0.6,,,,,,,
Sponsored Products,Product Ad,Create,250TH_HAPPY250YEARS_SP00_SPR00_250 years decorations_Exact_LHH_260526,AG_01_Exact_250 years decorations,,,,,,,,,,Enabled,,250TH_HAPPY250YEARS,,,,,,,,,,,
Sponsored Products,Keyword,Create,250TH_HAPPY250YEARS_SP00_SPR00_250 years decorations_Exact_LHH_260526,AG_01_Exact_250 years decorations,,,,,,,,,,Enabled,,,,,,,0.6,250 years decorations,exact,,,,
Sponsored Products,Ad Group,Create,250TH_HAPPY250YEARS_SP00_SPR00_250 years decorations_Exact_LHH_260526,AG_02_Exact_250 years decorations,,,,,,AG_02_Exact_250 years decorations,,,,Enabled,,,,,,0.6,,,,,,,
Sponsored Products,Product Ad,Create,250TH_HAPPY250YEARS_SP00_SPR00_250 years decorations_Exact_LHH_260526,AG_02_Exact_250 years decorations,,,,,,,,,,Enabled,,250TH_HAPPY250YEARS,,,,,,,,,,,
Sponsored Products,Keyword,Create,250TH_HAPPY250YEARS_SP00_SPR00_250 years decorations_Exact_LHH_260526,AG_02_Exact_250 years decorations,,,,,,,,,,Enabled,,,,,,,0.6,250 years decorations,exact,,,,
Sponsored Products,Ad Group,Create,250TH_HAPPY250YEARS_SP00_SPR00_250 years decorations_Exact_LHH_260526,AG_03_Exact_250 years decorations,,,,,,AG_03_Exact_250 years decorations,,,,Enabled,,,,,,0.6,,,,,,,
Sponsored Products,Product Ad,Create,250TH_HAPPY250YEARS_SP00_SPR00_250 years decorations_Exact_LHH_260526,AG_03_Exact_250 years decorations,,,,,,,,,,Enabled,,250TH_HAPPY250YEARS,,,,,,,,,,,
Sponsored Products,Keyword,Create,250TH_HAPPY250YEARS_SP00_SPR00_250 years decorations_Exact_LHH_260526,AG_03_Exact_250 years decorations,,,,,,,,,,Enabled,,,,,,,0.6,250 years decorations,exact,,,,
Sponsored Products,Campaign,Create,250TH_HAPPY250YEARS_SP00_SPR03_america 250 decorations_Exact_LHH_260526,,128613535409943,,,,250TH_HAPPY250YEARS_SP00_SPR03_america 250 decorations_Exact_LHH_260526,,20260526,,Manual,Enabled,5.0,,,,,,,,,Dynamic bids - down only,,,
Sponsored Products,Bidding Adjustment,Create,250TH_HAPPY250YEARS_SP00_SPR03_america 250 decorations_Exact_LHH_260526,,,,,,,,,,,Enabled,,,,,,,,,,,Placement Top,10,
Sponsored Products,Bidding Adjustment,Create,250TH_HAPPY250YEARS_SP00_SPR03_america 250 decorations_Exact_LHH_260526,,,,,,,,,,,Enabled,,,,,,,,,,,Placement Product Page,10,
Sponsored Products,Bidding Adjustment,Create,250TH_HAPPY250YEARS_SP00_SPR03_america 250 decorations_Exact_LHH_260526,,,,,,,,,,,Enabled,,,,,,,,,,,Placement Rest Of Search,10,
Sponsored Products,Ad Group,Create,250TH_HAPPY250YEARS_SP00_SPR03_america 250 decorations_Exact_LHH_260526,AG_01_Exact_america 250 decorations,,,,,,AG_01_Exact_america 250 decorations,,,,Enabled,,,,,,0.6,,,,,,,
Sponsored Products,Product Ad,Create,250TH_HAPPY250YEARS_SP00_SPR03_america 250 decorations_Exact_LHH_260526,AG_01_Exact_america 250 decorations,,,,,,,,,,Enabled,,250TH_HAPPY250YEARS,,,,,,,,,,,
Sponsored Products,Keyword,Create,250TH_HAPPY250YEARS_SP00_SPR03_america 250 decorations_Exact_LHH_260526,AG_01_Exact_america 250 decorations,,,,,,,,,,Enabled,,,,,,,0.6,america 250 decorations,exact,,,,
Sponsored Products,Ad Group,Create,250TH_HAPPY250YEARS_SP00_SPR03_america 250 decorations_Exact_LHH_260526,AG_02_Exact_america 250 decorations,,,,,,AG_02_Exact_america 250 decorations,,,,Enabled,,,,,,0.6,,,,,,,
Sponsored Products,Product Ad,Create,250TH_HAPPY250YEARS_SP00_SPR03_america 250 decorations_Exact_LHH_260526,AG_02_Exact_america 250 decorations,,,,,,,,,,Enabled,,250TH_HAPPY250YEARS,,,,,,,,,,,
Sponsored Products,Keyword,Create,250TH_HAPPY250YEARS_SP00_SPR03_america 250 decorations_Exact_LHH_260526,AG_02_Exact_america 250 decorations,,,,,,,,,,Enabled,,,,,,,0.6,america 250 decorations,exact,,,,
Sponsored Products,Ad Group,Create,250TH_HAPPY250YEARS_SP00_SPR03_america 250 decorations_Exact_LHH_260526,AG_03_Exact_america 250 decorations,,,,,,AG_03_Exact_america 250 decorations,,,,Enabled,,,,,,0.6,,,,,,,
Sponsored Products,Product Ad,Create,250TH_HAPPY250YEARS_SP00_SPR03_america 250 decorations_Exact_LHH_260526,AG_03_Exact_america 250 decorations,,,,,,,,,,Enabled,,250TH_HAPPY250YEARS,,,,,,,,,,,
Sponsored Products,Keyword,Create,250TH_HAPPY250YEARS_SP00_SPR03_america 250 decorations_Exact_LHH_260526,AG_03_Exact_america 250 decorations,,,,,,,,,,Enabled,,,,,,,0.6,america 250 decorations,exact,,,,
Sponsored Products,Campaign,Create,250TH_HAPPY250YEARS_SP00_SPR00_happy 250 years decor_Exact_LHH_260526,,128613535409943,,,,250TH_HAPPY250YEARS_SP00_SPR00_happy 250 years decor_Exact_LHH_260526,,20260526,,Manual,Enabled,5.0,,,,,,,,,Dynamic bids - down only,,,
Sponsored Products,Bidding Adjustment,Create,250TH_HAPPY250YEARS_SP00_SPR00_happy 250 years decor_Exact_LHH_260526,,,,,,,,,,,Enabled,,,,,,,,,,,Placement Top,0,
Sponsored Products,Bidding Adjustment,Create,250TH_HAPPY250YEARS_SP00_SPR00_happy 250 years decor_Exact_LHH_260526,,,,,,,,,,,Enabled,,,,,,,,,,,Placement Product Page,0,
Sponsored Products,Bidding Adjustment,Create,250TH_HAPPY250YEARS_SP00_SPR00_happy 250 years decor_Exact_LHH_260526,,,,,,,,,,,Enabled,,,,,,,,,,,Placement Rest Of Search,0,
Sponsored Products,Ad Group,Create,250TH_HAPPY250YEARS_SP00_SPR00_happy 250 years decor_Exact_LHH_260526,AG_01_Exact_happy 250 years decor,,,,,,AG_01_Exact_happy 250 years decor,,,,Enabled,,,,,,0.6,,,,,,,
Sponsored Products,Product Ad,Create,250TH_HAPPY250YEARS_SP00_SPR00_happy 250 years decor_Exact_LHH_260526,AG_01_Exact_happy 250 years decor,,,,,,,,,,Enabled,,250TH_HAPPY250YEARS,,,,,,,,,,,
Sponsored Products,Keyword,Create,250TH_HAPPY250YEARS_SP00_SPR00_happy 250 years decor_Exact_LHH_260526,AG_01_Exact_happy 250 years decor,,,,,,,,,,Enabled,,,,,,,0.6,happy 250 years decor,exact,,,,
Sponsored Products,Ad Group,Create,250TH_HAPPY250YEARS_SP00_SPR00_happy 250 years decor_Exact_LHH_260526,AG_02_Exact_happy 250 years decor,,,,,,AG_02_Exact_happy 250 years decor,,,,Enabled,,,,,,0.6,,,,,,,
Sponsored Products,Product Ad,Create,250TH_HAPPY250YEARS_SP00_SPR00_happy 250 years decor_Exact_LHH_260526,AG_02_Exact_happy 250 years decor,,,,,,,,,,Enabled,,250TH_HAPPY250YEARS,,,,,,,,,,,
Sponsored Products,Keyword,Create,250TH_HAPPY250YEARS_SP00_SPR00_happy 250 years decor_Exact_LHH_260526,AG_02_Exact_happy 250 years decor,,,,,,,,,,Enabled,,,,,,,0.6,happy 250 years decor,exact,,,,
Sponsored Products,Ad Group,Create,250TH_HAPPY250YEARS_SP00_SPR00_happy 250 years decor_Exact_LHH_260526,AG_03_Exact_happy 250 years decor,,,,,,AG_03_Exact_happy 250 years decor,,,,Enabled,,,,,,0.6,,,,,,,
Sponsored Products,Product Ad,Create,250TH_HAPPY250YEARS_SP00_SPR00_happy 250 years decor_Exact_LHH_260526,AG_03_Exact_happy 250 years decor,,,,,,,,,,Enabled,,250TH_HAPPY250YEARS,,,,,,,,,,,
Sponsored Products,Keyword,Create,250TH_HAPPY250YEARS_SP00_SPR00_happy 250 years decor_Exact_LHH_260526,AG_03_Exact_happy 250 years decor,,,,,,,,,,Enabled,,,,,,,0.6,happy 250 years decor,exact,,,,
Sponsored Products,Campaign,Create,250TH_HAPPY250YEARS_SP00_SPR00_patriotic anniversary decorations_Exact_LHH_260526,,128613535409943,,,,250TH_HAPPY250YEARS_SP00_SPR00_patriotic anniversary decorations_Exact_LHH_260526,,20260526,,Manual,Enabled,5.0,,,,,,,,,Dynamic bids - down only,,,
Sponsored Products,Bidding Adjustment,Create,250TH_HAPPY250YEARS_SP00_SPR00_patriotic anniversary decorations_Exact_LHH_260526,,,,,,,,,,,Enabled,,,,,,,,,,,Placement Top,0,
Sponsored Products,Bidding Adjustment,Create,250TH_HAPPY250YEARS_SP00_SPR00_patriotic anniversary decorations_Exact_LHH_260526,,,,,,,,,,,Enabled,,,,,,,,,,,Placement Product Page,0,
Sponsored Products,Bidding Adjustment,Create,250TH_HAPPY250YEARS_SP00_SPR00_patriotic anniversary decorations_Exact_LHH_260526,,,,,,,,,,,Enabled,,,,,,,,,,,Placement Rest Of Search,0,
Sponsored Products,Ad Group,Create,250TH_HAPPY250YEARS_SP00_SPR00_patriotic anniversary decorations_Exact_LHH_260526,AG_01_Exact_patriotic anniversary decorations,,,,,,AG_01_Exact_patriotic anniversary decorations,,,,Enabled,,,,,,0.6,,,,,,,
Sponsored Products,Product Ad,Create,250TH_HAPPY250YEARS_SP00_SPR00_patriotic anniversary decorations_Exact_LHH_260526,AG_01_Exact_patriotic anniversary decorations,,,,,,,,,,Enabled,,250TH_HAPPY250YEARS,,,,,,,,,,,
Sponsored Products,Keyword,Create,250TH_HAPPY250YEARS_SP00_SPR00_patriotic anniversary decorations_Exact_LHH_260526,AG_01_Exact_patriotic anniversary decorations,,,,,,,,,,Enabled,,,,,,,0.6,patriotic anniversary decorations,exact,,,,
Sponsored Products,Ad Group,Create,250TH_HAPPY250YEARS_SP00_SPR00_patriotic anniversary decorations_Exact_LHH_260526,AG_02_Exact_patriotic anniversary decorations,,,,,,AG_02_Exact_patriotic anniversary decorations,,,,Enabled,,,,,,0.6,,,,,,,
Sponsored Products,Product Ad,Create,250TH_HAPPY250YEARS_SP00_SPR00_patriotic anniversary decorations_Exact_LHH_260526,AG_02_Exact_patriotic anniversary decorations,,,,,,,,,,Enabled,,250TH_HAPPY250YEARS,,,,,,,,,,,
Sponsored Products,Keyword,Create,250TH_HAPPY250YEARS_SP00_SPR00_patriotic anniversary decorations_Exact_LHH_260526,AG_02_Exact_patriotic anniversary decorations,,,,,,,,,,Enabled,,,,,,,0.6,patriotic anniversary decorations,exact,,,,
Sponsored Products,Ad Group,Create,250TH_HAPPY250YEARS_SP00_SPR00_patriotic anniversary decorations_Exact_LHH_260526,AG_03_Exact_patriotic anniversary decorations,,,,,,AG_03_Exact_patriotic anniversary decorations,,,,Enabled,,,,,,0.6,,,,,,,
Sponsored Products,Product Ad,Create,250TH_HAPPY250YEARS_SP00_SPR00_patriotic anniversary decorations_Exact_LHH_260526,AG_03_Exact_patriotic anniversary decorations,,,,,,,,,,Enabled,,250TH_HAPPY250YEARS,,,,,,,,,,,
Sponsored Products,Keyword,Create,250TH_HAPPY250YEARS_SP00_SPR00_patriotic anniversary decorations_Exact_LHH_260526,AG_03_Exact_patriotic anniversary decorations,,,,,,,,,,Enabled,,,,,,,0.6,patriotic anniversary decorations,exact,,,,
Sponsored Products,Campaign,Create,250TH_HAPPY250YEARS_SP00_SPR01_usa 250th anniversary decor_Exact_LHH_260526,,128613535409943,,,,250TH_HAPPY250YEARS_SP00_SPR01_usa 250th anniversary decor_Exact_LHH_260526,,20260526,,Manual,Enabled,5.0,,,,,,,,,Dynamic bids - down only,,,
Sponsored Products,Bidding Adjustment,Create,250TH_HAPPY250YEARS_SP00_SPR01_usa 250th anniversary decor_Exact_LHH_260526,,,,,,,,,,,Enabled,,,,,,,,,,,Placement Top,10,
Sponsored Products,Bidding Adjustment,Create,250TH_HAPPY250YEARS_SP00_SPR01_usa 250th anniversary decor_Exact_LHH_260526,,,,,,,,,,,Enabled,,,,,,,,,,,Placement Product Page,10,
Sponsored Products,Bidding Adjustment,Create,250TH_HAPPY250YEARS_SP00_SPR01_usa 250th anniversary decor_Exact_LHH_260526,,,,,,,,,,,Enabled,,,,,,,,,,,Placement Rest Of Search,10,
Sponsored Products,Ad Group,Create,250TH_HAPPY250YEARS_SP00_SPR01_usa 250th anniversary decor_Exact_LHH_260526,AG_01_Exact_usa 250th anniversary decor,,,,,,AG_01_Exact_usa 250th anniversary decor,,,,Enabled,,,,,,0.6,,,,,,,
Sponsored Products,Product Ad,Create,250TH_HAPPY250YEARS_SP00_SPR01_usa 250th anniversary decor_Exact_LHH_260526,AG_01_Exact_usa 250th anniversary decor,,,,,,,,,,Enabled,,250TH_HAPPY250YEARS,,,,,,,,,,,
Sponsored Products,Keyword,Create,250TH_HAPPY250YEARS_SP00_SPR01_usa 250th anniversary decor_Exact_LHH_260526,AG_01_Exact_usa 250th anniversary decor,,,,,,,,,,Enabled,,,,,,,0.6,usa 250th anniversary decor,exact,,,,
Sponsored Products,Ad Group,Create,250TH_HAPPY250YEARS_SP00_SPR01_usa 250th anniversary decor_Exact_LHH_260526,AG_02_Exact_usa 250th anniversary decor,,,,,,AG_02_Exact_usa 250th anniversary decor,,,,Enabled,,,,,,0.6,,,,,,,
Sponsored Products,Product Ad,Create,250TH_HAPPY250YEARS_SP00_SPR01_usa 250th anniversary decor_Exact_LHH_260526,AG_02_Exact_usa 250th anniversary decor,,,,,,,,,,Enabled,,250TH_HAPPY250YEARS,,,,,,,,,,,
Sponsored Products,Keyword,Create,250TH_HAPPY250YEARS_SP00_SPR01_usa 250th anniversary decor_Exact_LHH_260526,AG_02_Exact_usa 250th anniversary decor,,,,,,,,,,Enabled,,,,,,,0.6,usa 250th anniversary decor,exact,,,,
Sponsored Products,Ad Group,Create,250TH_HAPPY250YEARS_SP00_SPR01_usa 250th anniversary decor_Exact_LHH_260526,AG_03_Exact_usa 250th anniversary decor,,,,,,AG_03_Exact_usa 250th anniversary decor,,,,Enabled,,,,,,0.6,,,,,,,
Sponsored Products,Product Ad,Create,250TH_HAPPY250YEARS_SP00_SPR01_usa 250th anniversary decor_Exact_LHH_260526,AG_03_Exact_usa 250th anniversary decor,,,,,,,,,,Enabled,,250TH_HAPPY250YEARS,,,,,,,,,,,
Sponsored Products,Keyword,Create,250TH_HAPPY250YEARS_SP00_SPR01_usa 250th anniversary decor_Exact_LHH_260526,AG_03_Exact_usa 250th anniversary decor,,,,,,,,,,Enabled,,,,,,,0.6,usa 250th anniversary decor,exact,,,,
Sponsored Products,Campaign,Create,250TH_HAPPY250YEARS_SP00_SPR00_american celebration decor_Exact_LHH_260526,,128613535409943,,,,250TH_HAPPY250YEARS_SP00_SPR00_american celebration decor_Exact_LHH_260526,,20260526,,Manual,Enabled,5.0,,,,,,,,,Dynamic bids - down only,,,
Sponsored Products,Bidding Adjustment,Create,250TH_HAPPY250YEARS_SP00_SPR00_american celebration decor_Exact_LHH_260526,,,,,,,,,,,Enabled,,,,,,,,,,,Placement Top,0,
Sponsored Products,Bidding Adjustment,Create,250TH_HAPPY250YEARS_SP00_SPR00_american celebration decor_Exact_LHH_260526,,,,,,,,,,,Enabled,,,,,,,,,,,Placement Product Page,0,
Sponsored Products,Bidding Adjustment,Create,250TH_HAPPY250YEARS_SP00_SPR00_american celebration decor_Exact_LHH_260526,,,,,,,,,,,Enabled,,,,,,,,,,,Placement Rest Of Search,0,
Sponsored Products,Ad Group,Create,250TH_HAPPY250YEARS_SP00_SPR00_american celebration decor_Exact_LHH_260526,AG_01_Exact_american celebration decor,,,,,,AG_01_Exact_american celebration decor,,,,Enabled,,,,,,0.6,,,,,,,
Sponsored Products,Product Ad,Create,250TH_HAPPY250YEARS_SP00_SPR00_american celebration decor_Exact_LHH_260526,AG_01_Exact_american celebration decor,,,,,,,,,,Enabled,,250TH_HAPPY250YEARS,,,,,,,,,,,
Sponsored Products,Keyword,Create,250TH_HAPPY250YEARS_SP00_SPR00_american celebration decor_Exact_LHH_260526,AG_01_Exact_american celebration decor,,,,,,,,,,Enabled,,,,,,,0.6,american celebration decor,exact,,,,
Sponsored Products,Ad Group,Create,250TH_HAPPY250YEARS_SP00_SPR00_american celebration decor_Exact_LHH_260526,AG_02_Exact_american celebration decor,,,,,,AG_02_Exact_american celebration decor,,,,Enabled,,,,,,0.6,,,,,,,
Sponsored Products,Product Ad,Create,250TH_HAPPY250YEARS_SP00_SPR00_american celebration decor_Exact_LHH_260526,AG_02_Exact_american celebration decor,,,,,,,,,,Enabled,,250TH_HAPPY250YEARS,,,,,,,,,,,
Sponsored Products,Keyword,Create,250TH_HAPPY250YEARS_SP00_SPR00_american celebration decor_Exact_LHH_260526,AG_02_Exact_american celebration decor,,,,,,,,,,Enabled,,,,,,,0.6,american celebration decor,exact,,,,
Sponsored Products,Ad Group,Create,250TH_HAPPY250YEARS_SP00_SPR00_american celebration decor_Exact_LHH_260526,AG_03_Exact_american celebration decor,,,,,,AG_03_Exact_american celebration decor,,,,Enabled,,,,,,0.6,,,,,,,
Sponsored Products,Product Ad,Create,250TH_HAPPY250YEARS_SP00_SPR00_american celebration decor_Exact_LHH_260526,AG_03_Exact_american celebration decor,,,,,,,,,,Enabled,,250TH_HAPPY250YEARS,,,,,,,,,,,
Sponsored Products,Keyword,Create,250TH_HAPPY250YEARS_SP00_SPR00_american celebration decor_Exact_LHH_260526,AG_03_Exact_american celebration decor,,,,,,,,,,Enabled,,,,,,,0.6,american celebration decor,exact,,,,
Sponsored Products,Campaign,Create,250TH_HAPPY250YEARS_SP00_SPR00_patriotic table sign_Exact_LHH_260526,,128613535409943,,,,250TH_HAPPY250YEARS_SP00_SPR00_patriotic table sign_Exact_LHH_260526,,20260526,,Manual,Enabled,5.0,,,,,,,,,Dynamic bids - down only,,,
Sponsored Products,Bidding Adjustment,Create,250TH_HAPPY250YEARS_SP00_SPR00_patriotic table sign_Exact_LHH_260526,,,,,,,,,,,Enabled,,,,,,,,,,,Placement Top,0,
Sponsored Products,Bidding Adjustment,Create,250TH_HAPPY250YEARS_SP00_SPR00_patriotic table sign_Exact_LHH_260526,,,,,,,,,,,Enabled,,,,,,,,,,,Placement Product Page,0,
Sponsored Products,Bidding Adjustment,Create,250TH_HAPPY250YEARS_SP00_SPR00_patriotic table sign_Exact_LHH_260526,,,,,,,,,,,Enabled,,,,,,,,,,,Placement Rest Of Search,0,
Sponsored Products,Ad Group,Create,250TH_HAPPY250YEARS_SP00_SPR00_patriotic table sign_Exact_LHH_260526,AG_01_Exact_patriotic table sign,,,,,,AG_01_Exact_patriotic table sign,,,,Enabled,,,,,,0.6,,,,,,,
Sponsored Products,Product Ad,Create,250TH_HAPPY250YEARS_SP00_SPR00_patriotic table sign_Exact_LHH_260526,AG_01_Exact_patriotic table sign,,,,,,,,,,Enabled,,250TH_HAPPY250YEARS,,,,,,,,,,,
Sponsored Products,Keyword,Create,250TH_HAPPY250YEARS_SP00_SPR00_patriotic table sign_Exact_LHH_260526,AG_01_Exact_patriotic table sign,,,,,,,,,,Enabled,,,,,,,0.6,patriotic table sign,exact,,,,
Sponsored Products,Ad Group,Create,250TH_HAPPY250YEARS_SP00_SPR00_patriotic table sign_Exact_LHH_260526,AG_02_Exact_patriotic table sign,,,,,,AG_02_Exact_patriotic table sign,,,,Enabled,,,,,,0.6,,,,,,,
Sponsored Products,Product Ad,Create,250TH_HAPPY250YEARS_SP00_SPR00_patriotic table sign_Exact_LHH_260526,AG_02_Exact_patriotic table sign,,,,,,,,,,Enabled,,250TH_HAPPY250YEARS,,,,,,,,,,,
Sponsored Products,Keyword,Create,250TH_HAPPY250YEARS_SP00_SPR00_patriotic table sign_Exact_LHH_260526,AG_02_Exact_patriotic table sign,,,,,,,,,,Enabled,,,,,,,0.6,patriotic table sign,exact,,,,
Sponsored Products,Ad Group,Create,250TH_HAPPY250YEARS_SP00_SPR00_patriotic table sign_Exact_LHH_260526,AG_03_Exact_patriotic table sign,,,,,,AG_03_Exact_patriotic table sign,,,,Enabled,,,,,,0.6,,,,,,,
Sponsored Products,Product Ad,Create,250TH_HAPPY250YEARS_SP00_SPR00_patriotic table sign_Exact_LHH_260526,AG_03_Exact_patriotic table sign,,,,,,,,,,Enabled,,250TH_HAPPY250YEARS,,,,,,,,,,,
Sponsored Products,Keyword,Create,250TH_HAPPY250YEARS_SP00_SPR00_patriotic table sign_Exact_LHH_260526,AG_03_Exact_patriotic table sign,,,,,,,,,,Enabled,,,,,,,0.6,patriotic table sign,exact,,,,
Sponsored Products,Campaign,Create,250TH_HAPPY250YEARS_SP00_SPR00_american history decor_Exact_LHH_260526,,128613535409943,,,,250TH_HAPPY250YEARS_SP00_SPR00_american history decor_Exact_LHH_260526,,20260526,,Manual,Enabled,5.0,,,,,,,,,Dynamic bids - down only,,,
Sponsored Products,Bidding Adjustment,Create,250TH_HAPPY250YEARS_SP00_SPR00_american history decor_Exact_LHH_260526,,,,,,,,,,,Enabled,,,,,,,,,,,Placement Top,0,
Sponsored Products,Bidding Adjustment,Create,250TH_HAPPY250YEARS_SP00_SPR00_american history decor_Exact_LHH_260526,,,,,,,,,,,Enabled,,,,,,,,,,,Placement Product Page,0,
Sponsored Products,Bidding Adjustment,Create,250TH_HAPPY250YEARS_SP00_SPR00_american history decor_Exact_LHH_260526,,,,,,,,,,,Enabled,,,,,,,,,,,Placement Rest Of Search,0,
Sponsored Products,Ad Group,Create,250TH_HAPPY250YEARS_SP00_SPR00_american history decor_Exact_LHH_260526,AG_01_Exact_american history decor,,,,,,AG_01_Exact_american history decor,,,,Enabled,,,,,,0.6,,,,,,,
Sponsored Products,Product Ad,Create,250TH_HAPPY250YEARS_SP00_SPR00_american history decor_Exact_LHH_260526,AG_01_Exact_american history decor,,,,,,,,,,Enabled,,250TH_HAPPY250YEARS,,,,,,,,,,,
Sponsored Products,Keyword,Create,250TH_HAPPY250YEARS_SP00_SPR00_american history decor_Exact_LHH_260526,AG_01_Exact_american history decor,,,,,,,,,,Enabled,,,,,,,0.6,american history decor,exact,,,,
Sponsored Products,Ad Group,Create,250TH_HAPPY250YEARS_SP00_SPR00_american history decor_Exact_LHH_260526,AG_02_Exact_american history decor,,,,,,AG_02_Exact_american history decor,,,,Enabled,,,,,,0.6,,,,,,,
Sponsored Products,Product Ad,Create,250TH_HAPPY250YEARS_SP00_SPR00_american history decor_Exact_LHH_260526,AG_02_Exact_american history decor,,,,,,,,,,Enabled,,250TH_HAPPY250YEARS,,,,,,,,,,,
Sponsored Products,Keyword,Create,250TH_HAPPY250YEARS_SP00_SPR00_american history decor_Exact_LHH_260526,AG_02_Exact_american history decor,,,,,,,,,,Enabled,,,,,,,0.6,american history decor,exact,,,,
Sponsored Products,Ad Group,Create,250TH_HAPPY250YEARS_SP00_SPR00_american history decor_Exact_LHH_260526,AG_03_Exact_american history decor,,,,,,AG_03_Exact_american history decor,,,,Enabled,,,,,,0.6,,,,,,,
Sponsored Products,Product Ad,Create,250TH_HAPPY250YEARS_SP00_SPR00_american history decor_Exact_LHH_260526,AG_03_Exact_american history decor,,,,,,,,,,Enabled,,250TH_HAPPY250YEARS,,,,,,,,,,,
Sponsored Products,Keyword,Create,250TH_HAPPY250YEARS_SP00_SPR00_american history decor_Exact_LHH_260526,AG_03_Exact_american history decor,,,,,,,,,,Enabled,,,,,,,0.6,american history decor,exact,,,,
Sponsored Products,Campaign,Create,250TH_HAPPY250YEARS_SP00_250 years decorations_Phrase_LHH_260526,,128613535409943,,,,250TH_HAPPY250YEARS_SP00_250 years decorations_Phrase_LHH_260526,,20260526,,Manual,Enabled,5.0,,,,,,,,,Dynamic bids - down only,,,
Sponsored Products,Bidding Adjustment,Create,250TH_HAPPY250YEARS_SP00_250 years decorations_Phrase_LHH_260526,,,,,,,,,,,Enabled,,,,,,,,,,,Placement Top,0,
Sponsored Products,Bidding Adjustment,Create,250TH_HAPPY250YEARS_SP00_250 years decorations_Phrase_LHH_260526,,,,,,,,,,,Enabled,,,,,,,,,,,Placement Product Page,0,
Sponsored Products,Bidding Adjustment,Create,250TH_HAPPY250YEARS_SP00_250 years decorations_Phrase_LHH_260526,,,,,,,,,,,Enabled,,,,,,,,,,,Placement Rest Of Search,0,
Sponsored Products,Ad Group,Create,250TH_HAPPY250YEARS_SP00_250 years decorations_Phrase_LHH_260526,250TH_HAPPY250YEARS_SP00_250 years decorations_Phrase_LHH_260526,,,,,,250 years decorations,,,,Enabled,,,,,,0.45,,,,,,,
Sponsored Products,Product Ad,Create,250TH_HAPPY250YEARS_SP00_250 years decorations_Phrase_LHH_260526,250TH_HAPPY250YEARS_SP00_250 years decorations_Phrase_LHH_260526,,,,,,,,,,Enabled,,250TH_HAPPY250YEARS,,,,,,,,,,,
Sponsored Products,Keyword,Create,250TH_HAPPY250YEARS_SP00_250 years decorations_Phrase_LHH_260526,250TH_HAPPY250YEARS_SP00_250 years decorations_Phrase_LHH_260526,,,,,,,,,,Enabled,,,,,,,0.45,250 years decorations,phrase,,,,
Sponsored Products,Campaign,Create,250TH_HAPPY250YEARS_SP00_america 250 decorations_Phrase_LHH_260526,,128613535409943,,,,250TH_HAPPY250YEARS_SP00_america 250 decorations_Phrase_LHH_260526,,20260526,,Manual,Enabled,5.0,,,,,,,,,Dynamic bids - down only,,,
Sponsored Products,Bidding Adjustment,Create,250TH_HAPPY250YEARS_SP00_america 250 decorations_Phrase_LHH_260526,,,,,,,,,,,Enabled,,,,,,,,,,,Placement Top,0,
Sponsored Products,Bidding Adjustment,Create,250TH_HAPPY250YEARS_SP00_america 250 decorations_Phrase_LHH_260526,,,,,,,,,,,Enabled,,,,,,,,,,,Placement Product Page,0,
Sponsored Products,Bidding Adjustment,Create,250TH_HAPPY250YEARS_SP00_america 250 decorations_Phrase_LHH_260526,,,,,,,,,,,Enabled,,,,,,,,,,,Placement Rest Of Search,0,
Sponsored Products,Ad Group,Create,250TH_HAPPY250YEARS_SP00_america 250 decorations_Phrase_LHH_260526,250TH_HAPPY250YEARS_SP00_america 250 decorations_Phrase_LHH_260526,,,,,,america 250 decorations,,,,Enabled,,,,,,0.45,,,,,,,
Sponsored Products,Product Ad,Create,250TH_HAPPY250YEARS_SP00_america 250 decorations_Phrase_LHH_260526,250TH_HAPPY250YEARS_SP00_america 250 decorations_Phrase_LHH_260526,,,,,,,,,,Enabled,,250TH_HAPPY250YEARS,,,,,,,,,,,
Sponsored Products,Keyword,Create,250TH_HAPPY250YEARS_SP00_america 250 decorations_Phrase_LHH_260526,250TH_HAPPY250YEARS_SP00_america 250 decorations_Phrase_LHH_260526,,,,,,,,,,Enabled,,,,,,,0.45,america 250 decorations,phrase,,,,
Sponsored Products,Campaign,Create,250TH_HAPPY250YEARS_SP00_happy 250 years decor_Phrase_LHH_260526,,128613535409943,,,,250TH_HAPPY250YEARS_SP00_happy 250 years decor_Phrase_LHH_260526,,20260526,,Manual,Enabled,5.0,,,,,,,,,Dynamic bids - down only,,,
Sponsored Products,Bidding Adjustment,Create,250TH_HAPPY250YEARS_SP00_happy 250 years decor_Phrase_LHH_260526,,,,,,,,,,,Enabled,,,,,,,,,,,Placement Top,0,
Sponsored Products,Bidding Adjustment,Create,250TH_HAPPY250YEARS_SP00_happy 250 years decor_Phrase_LHH_260526,,,,,,,,,,,Enabled,,,,,,,,,,,Placement Product Page,0,
Sponsored Products,Bidding Adjustment,Create,250TH_HAPPY250YEARS_SP00_happy 250 years decor_Phrase_LHH_260526,,,,,,,,,,,Enabled,,,,,,,,,,,Placement Rest Of Search,0,
Sponsored Products,Ad Group,Create,250TH_HAPPY250YEARS_SP00_happy 250 years decor_Phrase_LHH_260526,250TH_HAPPY250YEARS_SP00_happy 250 years decor_Phrase_LHH_260526,,,,,,happy 250 years decor,,,,Enabled,,,,,,0.45,,,,,,,
Sponsored Products,Product Ad,Create,250TH_HAPPY250YEARS_SP00_happy 250 years decor_Phrase_LHH_260526,250TH_HAPPY250YEARS_SP00_happy 250 years decor_Phrase_LHH_260526,,,,,,,,,,Enabled,,250TH_HAPPY250YEARS,,,,,,,,,,,
Sponsored Products,Keyword,Create,250TH_HAPPY250YEARS_SP00_happy 250 years decor_Phrase_LHH_260526,250TH_HAPPY250YEARS_SP00_happy 250 years decor_Phrase_LHH_260526,,,,,,,,,,Enabled,,,,,,,0.45,happy 250 years decor,phrase,,,,
Sponsored Products,Campaign,Create,250TH_HAPPY250YEARS_SP00_patriotic anniversary decorations_Phrase_LHH_260526,,128613535409943,,,,250TH_HAPPY250YEARS_SP00_patriotic anniversary decorations_Phrase_LHH_260526,,20260526,,Manual,Enabled,5.0,,,,,,,,,Dynamic bids - down only,,,
Sponsored Products,Bidding Adjustment,Create,250TH_HAPPY250YEARS_SP00_patriotic anniversary decorations_Phrase_LHH_260526,,,,,,,,,,,Enabled,,,,,,,,,,,Placement Top,0,
Sponsored Products,Bidding Adjustment,Create,250TH_HAPPY250YEARS_SP00_patriotic anniversary decorations_Phrase_LHH_260526,,,,,,,,,,,Enabled,,,,,,,,,,,Placement Product Page,0,
Sponsored Products,Bidding Adjustment,Create,250TH_HAPPY250YEARS_SP00_patriotic anniversary decorations_Phrase_LHH_260526,,,,,,,,,,,Enabled,,,,,,,,,,,Placement Rest Of Search,0,
Sponsored Products,Ad Group,Create,250TH_HAPPY250YEARS_SP00_patriotic anniversary decorations_Phrase_LHH_260526,250TH_HAPPY250YEARS_SP00_patriotic anniversary decorations_Phrase_LHH_260526,,,,,,patriotic anniversary decorations,,,,Enabled,,,,,,0.45,,,,,,,
Sponsored Products,Product Ad,Create,250TH_HAPPY250YEARS_SP00_patriotic anniversary decorations_Phrase_LHH_260526,250TH_HAPPY250YEARS_SP00_patriotic anniversary decorations_Phrase_LHH_260526,,,,,,,,,,Enabled,,250TH_HAPPY250YEARS,,,,,,,,,,,
Sponsored Products,Keyword,Create,250TH_HAPPY250YEARS_SP00_patriotic anniversary decorations_Phrase_LHH_260526,250TH_HAPPY250YEARS_SP00_patriotic anniversary decorations_Phrase_LHH_260526,,,,,,,,,,Enabled,,,,,,,0.45,patriotic anniversary decorations,phrase,,,,
Sponsored Products,Campaign,Create,250TH_HAPPY250YEARS_SP00_usa 250th anniversary decor_Phrase_LHH_260526,,128613535409943,,,,250TH_HAPPY250YEARS_SP00_usa 250th anniversary decor_Phrase_LHH_260526,,20260526,,Manual,Enabled,5.0,,,,,,,,,Dynamic bids - down only,,,
Sponsored Products,Bidding Adjustment,Create,250TH_HAPPY250YEARS_SP00_usa 250th anniversary decor_Phrase_LHH_260526,,,,,,,,,,,Enabled,,,,,,,,,,,Placement Top,0,
Sponsored Products,Bidding Adjustment,Create,250TH_HAPPY250YEARS_SP00_usa 250th anniversary decor_Phrase_LHH_260526,,,,,,,,,,,Enabled,,,,,,,,,,,Placement Product Page,0,
Sponsored Products,Bidding Adjustment,Create,250TH_HAPPY250YEARS_SP00_usa 250th anniversary decor_Phrase_LHH_260526,,,,,,,,,,,Enabled,,,,,,,,,,,Placement Rest Of Search,0,
Sponsored Products,Ad Group,Create,250TH_HAPPY250YEARS_SP00_usa 250th anniversary decor_Phrase_LHH_260526,250TH_HAPPY250YEARS_SP00_usa 250th anniversary decor_Phrase_LHH_260526,,,,,,usa 250th anniversary decor,,,,Enabled,,,,,,0.45,,,,,,,
Sponsored Products,Product Ad,Create,250TH_HAPPY250YEARS_SP00_usa 250th anniversary decor_Phrase_LHH_260526,250TH_HAPPY250YEARS_SP00_usa 250th anniversary decor_Phrase_LHH_260526,,,,,,,,,,Enabled,,250TH_HAPPY250YEARS,,,,,,,,,,,
Sponsored Products,Keyword,Create,250TH_HAPPY250YEARS_SP00_usa 250th anniversary decor_Phrase_LHH_260526,250TH_HAPPY250YEARS_SP00_usa 250th anniversary decor_Phrase_LHH_260526,,,,,,,,,,Enabled,,,,,,,0.45,usa 250th anniversary decor,phrase,,,,
Sponsored Products,Campaign,Create,250TH_HAPPY250YEARS_SP00_american celebration decor_Phrase_LHH_260526,,128613535409943,,,,250TH_HAPPY250YEARS_SP00_american celebration decor_Phrase_LHH_260526,,20260526,,Manual,Enabled,5.0,,,,,,,,,Dynamic bids - down only,,,
Sponsored Products,Bidding Adjustment,Create,250TH_HAPPY250YEARS_SP00_american celebration decor_Phrase_LHH_260526,,,,,,,,,,,Enabled,,,,,,,,,,,Placement Top,0,
Sponsored Products,Bidding Adjustment,Create,250TH_HAPPY250YEARS_SP00_american celebration decor_Phrase_LHH_260526,,,,,,,,,,,Enabled,,,,,,,,,,,Placement Product Page,0,
Sponsored Products,Bidding Adjustment,Create,250TH_HAPPY250YEARS_SP00_american celebration decor_Phrase_LHH_260526,,,,,,,,,,,Enabled,,,,,,,,,,,Placement Rest Of Search,0,
Sponsored Products,Ad Group,Create,250TH_HAPPY250YEARS_SP00_american celebration decor_Phrase_LHH_260526,250TH_HAPPY250YEARS_SP00_american celebration decor_Phrase_LHH_260526,,,,,,american celebration decor,,,,Enabled,,,,,,0.45,,,,,,,
Sponsored Products,Product Ad,Create,250TH_HAPPY250YEARS_SP00_american celebration decor_Phrase_LHH_260526,250TH_HAPPY250YEARS_SP00_american celebration decor_Phrase_LHH_260526,,,,,,,,,,Enabled,,250TH_HAPPY250YEARS,,,,,,,,,,,
Sponsored Products,Keyword,Create,250TH_HAPPY250YEARS_SP00_american celebration decor_Phrase_LHH_260526,250TH_HAPPY250YEARS_SP00_american celebration decor_Phrase_LHH_260526,,,,,,,,,,Enabled,,,,,,,0.45,american celebration decor,phrase,,,,
Sponsored Products,Campaign,Create,250TH_HAPPY250YEARS_SP00_patriotic table sign_Phrase_LHH_260526,,128613535409943,,,,250TH_HAPPY250YEARS_SP00_patriotic table sign_Phrase_LHH_260526,,20260526,,Manual,Enabled,5.0,,,,,,,,,Dynamic bids - down only,,,
Sponsored Products,Bidding Adjustment,Create,250TH_HAPPY250YEARS_SP00_patriotic table sign_Phrase_LHH_260526,,,,,,,,,,,Enabled,,,,,,,,,,,Placement Top,0,
Sponsored Products,Bidding Adjustment,Create,250TH_HAPPY250YEARS_SP00_patriotic table sign_Phrase_LHH_260526,,,,,,,,,,,Enabled,,,,,,,,,,,Placement Product Page,0,
Sponsored Products,Bidding Adjustment,Create,250TH_HAPPY250YEARS_SP00_patriotic table sign_Phrase_LHH_260526,,,,,,,,,,,Enabled,,,,,,,,,,,Placement Rest Of Search,0,
Sponsored Products,Ad Group,Create,250TH_HAPPY250YEARS_SP00_patriotic table sign_Phrase_LHH_260526,250TH_HAPPY250YEARS_SP00_patriotic table sign_Phrase_LHH_260526,,,,,,patriotic table sign,,,,Enabled,,,,,,0.45,,,,,,,
Sponsored Products,Product Ad,Create,250TH_HAPPY250YEARS_SP00_patriotic table sign_Phrase_LHH_260526,250TH_HAPPY250YEARS_SP00_patriotic table sign_Phrase_LHH_260526,,,,,,,,,,Enabled,,250TH_HAPPY250YEARS,,,,,,,,,,,
Sponsored Products,Keyword,Create,250TH_HAPPY250YEARS_SP00_patriotic table sign_Phrase_LHH_260526,250TH_HAPPY250YEARS_SP00_patriotic table sign_Phrase_LHH_260526,,,,,,,,,,Enabled,,,,,,,0.45,patriotic table sign,phrase,,,,
Sponsored Products,Campaign,Create,250TH_HAPPY250YEARS_SP00_american history decor_Phrase_LHH_260526,,128613535409943,,,,250TH_HAPPY250YEARS_SP00_american history decor_Phrase_LHH_260526,,20260526,,Manual,Enabled,5.0,,,,,,,,,Dynamic bids - down only,,,
Sponsored Products,Bidding Adjustment,Create,250TH_HAPPY250YEARS_SP00_american history decor_Phrase_LHH_260526,,,,,,,,,,,Enabled,,,,,,,,,,,Placement Top,0,
Sponsored Products,Bidding Adjustment,Create,250TH_HAPPY250YEARS_SP00_american history decor_Phrase_LHH_260526,,,,,,,,,,,Enabled,,,,,,,,,,,Placement Product Page,0,
Sponsored Products,Bidding Adjustment,Create,250TH_HAPPY250YEARS_SP00_american history decor_Phrase_LHH_260526,,,,,,,,,,,Enabled,,,,,,,,,,,Placement Rest Of Search,0,
Sponsored Products,Ad Group,Create,250TH_HAPPY250YEARS_SP00_american history decor_Phrase_LHH_260526,250TH_HAPPY250YEARS_SP00_american history decor_Phrase_LHH_260526,,,,,,american history decor,,,,Enabled,,,,,,0.45,,,,,,,
Sponsored Products,Product Ad,Create,250TH_HAPPY250YEARS_SP00_american history decor_Phrase_LHH_260526,250TH_HAPPY250YEARS_SP00_american history decor_Phrase_LHH_260526,,,,,,,,,,Enabled,,250TH_HAPPY250YEARS,,,,,,,,,,,
Sponsored Products,Keyword,Create,250TH_HAPPY250YEARS_SP00_american history decor_Phrase_LHH_260526,250TH_HAPPY250YEARS_SP00_american history decor_Phrase_LHH_260526,,,,,,,,,,Enabled,,,,,,,0.45,american history decor,phrase,,,,
Sponsored Products,Campaign,Create,250TH_HAPPY250YEARS_SP00_250 years decorations_Broad_LHH_260526,,128613535409943,,,,250TH_HAPPY250YEARS_SP00_250 years decorations_Broad_LHH_260526,,20260526,,Manual,Enabled,5.0,,,,,,,,,Dynamic bids - down only,,,
Sponsored Products,Bidding Adjustment,Create,250TH_HAPPY250YEARS_SP00_250 years decorations_Broad_LHH_260526,,,,,,,,,,,Enabled,,,,,,,,,,,Placement Top,0,
Sponsored Products,Bidding Adjustment,Create,250TH_HAPPY250YEARS_SP00_250 years decorations_Broad_LHH_260526,,,,,,,,,,,Enabled,,,,,,,,,,,Placement Product Page,0,
Sponsored Products,Bidding Adjustment,Create,250TH_HAPPY250YEARS_SP00_250 years decorations_Broad_LHH_260526,,,,,,,,,,,Enabled,,,,,,,,,,,Placement Rest Of Search,0,
Sponsored Products,Ad Group,Create,250TH_HAPPY250YEARS_SP00_250 years decorations_Broad_LHH_260526,250TH_HAPPY250YEARS_SP00_250 years decorations_Broad_LHH_260526,,,,,,250 years decorations,,,,Enabled,,,,,,0.4,,,,,,,
Sponsored Products,Product Ad,Create,250TH_HAPPY250YEARS_SP00_250 years decorations_Broad_LHH_260526,250TH_HAPPY250YEARS_SP00_250 years decorations_Broad_LHH_260526,,,,,,,,,,Enabled,,250TH_HAPPY250YEARS,,,,,,,,,,,
Sponsored Products,Keyword,Create,250TH_HAPPY250YEARS_SP00_250 years decorations_Broad_LHH_260526,250TH_HAPPY250YEARS_SP00_250 years decorations_Broad_LHH_260526,,,,,,,,,,Enabled,,,,,,,0.4,250 years decorations,broad,,,,
Sponsored Products,Campaign,Create,250TH_HAPPY250YEARS_SP00_america 250 decorations_Broad_LHH_260526,,128613535409943,,,,250TH_HAPPY250YEARS_SP00_america 250 decorations_Broad_LHH_260526,,20260526,,Manual,Enabled,5.0,,,,,,,,,Dynamic bids - down only,,,
Sponsored Products,Bidding Adjustment,Create,250TH_HAPPY250YEARS_SP00_america 250 decorations_Broad_LHH_260526,,,,,,,,,,,Enabled,,,,,,,,,,,Placement Top,0,
Sponsored Products,Bidding Adjustment,Create,250TH_HAPPY250YEARS_SP00_america 250 decorations_Broad_LHH_260526,,,,,,,,,,,Enabled,,,,,,,,,,,Placement Product Page,0,
Sponsored Products,Bidding Adjustment,Create,250TH_HAPPY250YEARS_SP00_america 250 decorations_Broad_LHH_260526,,,,,,,,,,,Enabled,,,,,,,,,,,Placement Rest Of Search,0,
Sponsored Products,Ad Group,Create,250TH_HAPPY250YEARS_SP00_america 250 decorations_Broad_LHH_260526,250TH_HAPPY250YEARS_SP00_america 250 decorations_Broad_LHH_260526,,,,,,america 250 decorations,,,,Enabled,,,,,,0.4,,,,,,,
Sponsored Products,Product Ad,Create,250TH_HAPPY250YEARS_SP00_america 250 decorations_Broad_LHH_260526,250TH_HAPPY250YEARS_SP00_america 250 decorations_Broad_LHH_260526,,,,,,,,,,Enabled,,250TH_HAPPY250YEARS,,,,,,,,,,,
Sponsored Products,Keyword,Create,250TH_HAPPY250YEARS_SP00_america 250 decorations_Broad_LHH_260526,250TH_HAPPY250YEARS_SP00_america 250 decorations_Broad_LHH_260526,,,,,,,,,,Enabled,,,,,,,0.4,america 250 decorations,broad,,,,
Sponsored Products,Campaign,Create,250TH_HAPPY250YEARS_SP00_happy 250 years decor_Broad_LHH_260526,,128613535409943,,,,250TH_HAPPY250YEARS_SP00_happy 250 years decor_Broad_LHH_260526,,20260526,,Manual,Enabled,5.0,,,,,,,,,Dynamic bids - down only,,,
Sponsored Products,Bidding Adjustment,Create,250TH_HAPPY250YEARS_SP00_happy 250 years decor_Broad_LHH_260526,,,,,,,,,,,Enabled,,,,,,,,,,,Placement Top,0,
Sponsored Products,Bidding Adjustment,Create,250TH_HAPPY250YEARS_SP00_happy 250 years decor_Broad_LHH_260526,,,,,,,,,,,Enabled,,,,,,,,,,,Placement Product Page,0,
Sponsored Products,Bidding Adjustment,Create,250TH_HAPPY250YEARS_SP00_happy 250 years decor_Broad_LHH_260526,,,,,,,,,,,Enabled,,,,,,,,,,,Placement Rest Of Search,0,
Sponsored Products,Ad Group,Create,250TH_HAPPY250YEARS_SP00_happy 250 years decor_Broad_LHH_260526,250TH_HAPPY250YEARS_SP00_happy 250 years decor_Broad_LHH_260526,,,,,,happy 250 years decor,,,,Enabled,,,,,,0.4,,,,,,,
Sponsored Products,Product Ad,Create,250TH_HAPPY250YEARS_SP00_happy 250 years decor_Broad_LHH_260526,250TH_HAPPY250YEARS_SP00_happy 250 years decor_Broad_LHH_260526,,,,,,,,,,Enabled,,250TH_HAPPY250YEARS,,,,,,,,,,,
Sponsored Products,Keyword,Create,250TH_HAPPY250YEARS_SP00_happy 250 years decor_Broad_LHH_260526,250TH_HAPPY250YEARS_SP00_happy 250 years decor_Broad_LHH_260526,,,,,,,,,,Enabled,,,,,,,0.4,happy 250 years decor,broad,,,,
Sponsored Products,Campaign,Create,250TH_HAPPY250YEARS_SP00_usa 250th anniversary decor_Broad_LHH_260526,,128613535409943,,,,250TH_HAPPY250YEARS_SP00_usa 250th anniversary decor_Broad_LHH_260526,,20260526,,Manual,Enabled,5.0,,,,,,,,,Dynamic bids - down only,,,
Sponsored Products,Bidding Adjustment,Create,250TH_HAPPY250YEARS_SP00_usa 250th anniversary decor_Broad_LHH_260526,,,,,,,,,,,Enabled,,,,,,,,,,,Placement Top,0,
Sponsored Products,Bidding Adjustment,Create,250TH_HAPPY250YEARS_SP00_usa 250th anniversary decor_Broad_LHH_260526,,,,,,,,,,,Enabled,,,,,,,,,,,Placement Product Page,0,
Sponsored Products,Bidding Adjustment,Create,250TH_HAPPY250YEARS_SP00_usa 250th anniversary decor_Broad_LHH_260526,,,,,,,,,,,Enabled,,,,,,,,,,,Placement Rest Of Search,0,
Sponsored Products,Ad Group,Create,250TH_HAPPY250YEARS_SP00_usa 250th anniversary decor_Broad_LHH_260526,250TH_HAPPY250YEARS_SP00_usa 250th anniversary decor_Broad_LHH_260526,,,,,,usa 250th anniversary decor,,,,Enabled,,,,,,0.4,,,,,,,
Sponsored Products,Product Ad,Create,250TH_HAPPY250YEARS_SP00_usa 250th anniversary decor_Broad_LHH_260526,250TH_HAPPY250YEARS_SP00_usa 250th anniversary decor_Broad_LHH_260526,,,,,,,,,,Enabled,,250TH_HAPPY250YEARS,,,,,,,,,,,
Sponsored Products,Keyword,Create,250TH_HAPPY250YEARS_SP00_usa 250th anniversary decor_Broad_LHH_260526,250TH_HAPPY250YEARS_SP00_usa 250th anniversary decor_Broad_LHH_260526,,,,,,,,,,Enabled,,,,,,,0.4,usa 250th anniversary decor,broad,,,,
Sponsored Products,Campaign,Create,250TH_4THOFJULY_SP00_4th of july decorations_Phrase_LHH_260526,,128613535409943,,,,250TH_4THOFJULY_SP00_4th of july decorations_Phrase_LHH_260526,,20260526,,Manual,Enabled,5.0,,,,,,,,,Dynamic bids - down only,,,
Sponsored Products,Bidding Adjustment,Create,250TH_4THOFJULY_SP00_4th of july decorations_Phrase_LHH_260526,,,,,,,,,,,Enabled,,,,,,,,,,,Placement Top,0,
Sponsored Products,Bidding Adjustment,Create,250TH_4THOFJULY_SP00_4th of july decorations_Phrase_LHH_260526,,,,,,,,,,,Enabled,,,,,,,,,,,Placement Product Page,0,
Sponsored Products,Bidding Adjustment,Create,250TH_4THOFJULY_SP00_4th of july decorations_Phrase_LHH_260526,,,,,,,,,,,Enabled,,,,,,,,,,,Placement Rest Of Search,0,
Sponsored Products,Ad Group,Create,250TH_4THOFJULY_SP00_4th of july decorations_Phrase_LHH_260526,250TH_4THOFJULY_SP00_4th of july decorations_Phrase_LHH_260526,,,,,,4th of july decorations,,,,Enabled,,,,,,0.6,,,,,,,
Sponsored Products,Product Ad,Create,250TH_4THOFJULY_SP00_4th of july decorations_Phrase_LHH_260526,250TH_4THOFJULY_SP00_4th of july decorations_Phrase_LHH_260526,,,,,,,,,,Enabled,,250TH_4THOFJULY,,,,,,,,,,,
Sponsored Products,Keyword,Create,250TH_4THOFJULY_SP00_4th of july decorations_Phrase_LHH_260526,250TH_4THOFJULY_SP00_4th of july decorations_Phrase_LHH_260526,,,,,,,,,,Enabled,,,,,,,0.6,4th of july decorations,phrase,,,,
Sponsored Products,Campaign,Create,250TH_4THOFJULY_SP00_patriotic decorations_Phrase_LHH_260526,,128613535409943,,,,250TH_4THOFJULY_SP00_patriotic decorations_Phrase_LHH_260526,,20260526,,Manual,Enabled,5.0,,,,,,,,,Dynamic bids - down only,,,
Sponsored Products,Bidding Adjustment,Create,250TH_4THOFJULY_SP00_patriotic decorations_Phrase_LHH_260526,,,,,,,,,,,Enabled,,,,,,,,,,,Placement Top,0,
Sponsored Products,Bidding Adjustment,Create,250TH_4THOFJULY_SP00_patriotic decorations_Phrase_LHH_260526,,,,,,,,,,,Enabled,,,,,,,,,,,Placement Product Page,0,
Sponsored Products,Bidding Adjustment,Create,250TH_4THOFJULY_SP00_patriotic decorations_Phrase_LHH_260526,,,,,,,,,,,Enabled,,,,,,,,,,,Placement Rest Of Search,0,
Sponsored Products,Ad Group,Create,250TH_4THOFJULY_SP00_patriotic decorations_Phrase_LHH_260526,250TH_4THOFJULY_SP00_patriotic decorations_Phrase_LHH_260526,,,,,,patriotic decorations,,,,Enabled,,,,,,0.6,,,,,,,
Sponsored Products,Product Ad,Create,250TH_4THOFJULY_SP00_patriotic decorations_Phrase_LHH_260526,250TH_4THOFJULY_SP00_patriotic decorations_Phrase_LHH_260526,,,,,,,,,,Enabled,,250TH_4THOFJULY,,,,,,,,,,,
Sponsored Products,Keyword,Create,250TH_4THOFJULY_SP00_patriotic decorations_Phrase_LHH_260526,250TH_4THOFJULY_SP00_patriotic decorations_Phrase_LHH_260526,,,,,,,,,,Enabled,,,,,,,0.6,patriotic decorations,phrase,,,,
Sponsored Products,Campaign,Create,250TH_4THOFJULY_SP00_fourth of july decorations_Phrase_LHH_260526,,128613535409943,,,,250TH_4THOFJULY_SP00_fourth of july decorations_Phrase_LHH_260526,,20260526,,Manual,Enabled,5.0,,,,,,,,,Dynamic bids - down only,,,
Sponsored Products,Bidding Adjustment,Create,250TH_4THOFJULY_SP00_fourth of july decorations_Phrase_LHH_260526,,,,,,,,,,,Enabled,,,,,,,,,,,Placement Top,0,
Sponsored Products,Bidding Adjustment,Create,250TH_4THOFJULY_SP00_fourth of july decorations_Phrase_LHH_260526,,,,,,,,,,,Enabled,,,,,,,,,,,Placement Product Page,0,
Sponsored Products,Bidding Adjustment,Create,250TH_4THOFJULY_SP00_fourth of july decorations_Phrase_LHH_260526,,,,,,,,,,,Enabled,,,,,,,,,,,Placement Rest Of Search,0,
Sponsored Products,Ad Group,Create,250TH_4THOFJULY_SP00_fourth of july decorations_Phrase_LHH_260526,250TH_4THOFJULY_SP00_fourth of july decorations_Phrase_LHH_260526,,,,,,fourth of july decorations,,,,Enabled,,,,,,0.6,,,,,,,
Sponsored Products,Product Ad,Create,250TH_4THOFJULY_SP00_fourth of july decorations_Phrase_LHH_260526,250TH_4THOFJULY_SP00_fourth of july decorations_Phrase_LHH_260526,,,,,,,,,,Enabled,,250TH_4THOFJULY,,,,,,,,,,,
Sponsored Products,Keyword,Create,250TH_4THOFJULY_SP00_fourth of july decorations_Phrase_LHH_260526,250TH_4THOFJULY_SP00_fourth of july decorations_Phrase_LHH_260526,,,,,,,,,,Enabled,,,,,,,0.6,fourth of july decorations,phrase,,,,
Sponsored Products,Campaign,Create,250TH_4THOFJULY_SP00_SPR00_independence day decor_Exact_LHH_260526,,128613535409943,,,,250TH_4THOFJULY_SP00_SPR00_independence day decor_Exact_LHH_260526,,20260526,,Manual,Enabled,5.0,,,,,,,,,Dynamic bids - down only,,,
Sponsored Products,Bidding Adjustment,Create,250TH_4THOFJULY_SP00_SPR00_independence day decor_Exact_LHH_260526,,,,,,,,,,,Enabled,,,,,,,,,,,Placement Top,0,
Sponsored Products,Bidding Adjustment,Create,250TH_4THOFJULY_SP00_SPR00_independence day decor_Exact_LHH_260526,,,,,,,,,,,Enabled,,,,,,,,,,,Placement Product Page,0,
Sponsored Products,Bidding Adjustment,Create,250TH_4THOFJULY_SP00_SPR00_independence day decor_Exact_LHH_260526,,,,,,,,,,,Enabled,,,,,,,,,,,Placement Rest Of Search,0,
Sponsored Products,Ad Group,Create,250TH_4THOFJULY_SP00_SPR00_independence day decor_Exact_LHH_260526,AG_01_Exact_independence day decor,,,,,,AG_01_Exact_independence day decor,,,,Enabled,,,,,,0.6,,,,,,,
Sponsored Products,Product Ad,Create,250TH_4THOFJULY_SP00_SPR00_independence day decor_Exact_LHH_260526,AG_01_Exact_independence day decor,,,,,,,,,,Enabled,,250TH_4THOFJULY,,,,,,,,,,,
Sponsored Products,Keyword,Create,250TH_4THOFJULY_SP00_SPR00_independence day decor_Exact_LHH_260526,AG_01_Exact_independence day decor,,,,,,,,,,Enabled,,,,,,,0.6,independence day decor,exact,,,,
Sponsored Products,Ad Group,Create,250TH_4THOFJULY_SP00_SPR00_independence day decor_Exact_LHH_260526,AG_02_Exact_independence day decor,,,,,,AG_02_Exact_independence day decor,,,,Enabled,,,,,,0.6,,,,,,,
Sponsored Products,Product Ad,Create,250TH_4THOFJULY_SP00_SPR00_independence day decor_Exact_LHH_260526,AG_02_Exact_independence day decor,,,,,,,,,,Enabled,,250TH_4THOFJULY,,,,,,,,,,,
Sponsored Products,Keyword,Create,250TH_4THOFJULY_SP00_SPR00_independence day decor_Exact_LHH_260526,AG_02_Exact_independence day decor,,,,,,,,,,Enabled,,,,,,,0.6,independence day decor,exact,,,,
Sponsored Products,Ad Group,Create,250TH_4THOFJULY_SP00_SPR00_independence day decor_Exact_LHH_260526,AG_03_Exact_independence day decor,,,,,,AG_03_Exact_independence day decor,,,,Enabled,,,,,,0.6,,,,,,,
Sponsored Products,Product Ad,Create,250TH_4THOFJULY_SP00_SPR00_independence day decor_Exact_LHH_260526,AG_03_Exact_independence day decor,,,,,,,,,,Enabled,,250TH_4THOFJULY,,,,,,,,,,,
Sponsored Products,Keyword,Create,250TH_4THOFJULY_SP00_SPR00_independence day decor_Exact_LHH_260526,AG_03_Exact_independence day decor,,,,,,,,,,Enabled,,,,,,,0.6,independence day decor,exact,,,,
Sponsored Products,Campaign,Create,250TH_4THOFJULY_SP00_SPR00_4th of july sign_Exact_LHH_260526,,128613535409943,,,,250TH_4THOFJULY_SP00_SPR00_4th of july sign_Exact_LHH_260526,,20260526,,Manual,Enabled,5.0,,,,,,,,,Dynamic bids - down only,,,
Sponsored Products,Bidding Adjustment,Create,250TH_4THOFJULY_SP00_SPR00_4th of july sign_Exact_LHH_260526,,,,,,,,,,,Enabled,,,,,,,,,,,Placement Top,0,
Sponsored Products,Bidding Adjustment,Create,250TH_4THOFJULY_SP00_SPR00_4th of july sign_Exact_LHH_260526,,,,,,,,,,,Enabled,,,,,,,,,,,Placement Product Page,0,
Sponsored Products,Bidding Adjustment,Create,250TH_4THOFJULY_SP00_SPR00_4th of july sign_Exact_LHH_260526,,,,,,,,,,,Enabled,,,,,,,,,,,Placement Rest Of Search,0,
Sponsored Products,Ad Group,Create,250TH_4THOFJULY_SP00_SPR00_4th of july sign_Exact_LHH_260526,AG_01_Exact_4th of july sign,,,,,,AG_01_Exact_4th of july sign,,,,Enabled,,,,,,0.6,,,,,,,
Sponsored Products,Product Ad,Create,250TH_4THOFJULY_SP00_SPR00_4th of july sign_Exact_LHH_260526,AG_01_Exact_4th of july sign,,,,,,,,,,Enabled,,250TH_4THOFJULY,,,,,,,,,,,
Sponsored Products,Keyword,Create,250TH_4THOFJULY_SP00_SPR00_4th of july sign_Exact_LHH_260526,AG_01_Exact_4th of july sign,,,,,,,,,,Enabled,,,,,,,0.6,4th of july sign,exact,,,,
Sponsored Products,Ad Group,Create,250TH_4THOFJULY_SP00_SPR00_4th of july sign_Exact_LHH_260526,AG_02_Exact_4th of july sign,,,,,,AG_02_Exact_4th of july sign,,,,Enabled,,,,,,0.6,,,,,,,
Sponsored Products,Product Ad,Create,250TH_4THOFJULY_SP00_SPR00_4th of july sign_Exact_LHH_260526,AG_02_Exact_4th of july sign,,,,,,,,,,Enabled,,250TH_4THOFJULY,,,,,,,,,,,
Sponsored Products,Keyword,Create,250TH_4THOFJULY_SP00_SPR00_4th of july sign_Exact_LHH_260526,AG_02_Exact_4th of july sign,,,,,,,,,,Enabled,,,,,,,0.6,4th of july sign,exact,,,,
Sponsored Products,Ad Group,Create,250TH_4THOFJULY_SP00_SPR00_4th of july sign_Exact_LHH_260526,AG_03_Exact_4th of july sign,,,,,,AG_03_Exact_4th of july sign,,,,Enabled,,,,,,0.6,,,,,,,
Sponsored Products,Product Ad,Create,250TH_4THOFJULY_SP00_SPR00_4th of july sign_Exact_LHH_260526,AG_03_Exact_4th of july sign,,,,,,,,,,Enabled,,250TH_4THOFJULY,,,,,,,,,,,
Sponsored Products,Keyword,Create,250TH_4THOFJULY_SP00_SPR00_4th of july sign_Exact_LHH_260526,AG_03_Exact_4th of july sign,,,,,,,,,,Enabled,,,,,,,0.6,4th of july sign,exact,,,,
Sponsored Products,Campaign,Create,250TH_4THOFJULY_SP00_SPR00_american flag decor_Exact_LHH_260526,,128613535409943,,,,250TH_4THOFJULY_SP00_SPR00_american flag decor_Exact_LHH_260526,,20260526,,Manual,Enabled,5.0,,,,,,,,,Dynamic bids - down only,,,
Sponsored Products,Bidding Adjustment,Create,250TH_4THOFJULY_SP00_SPR00_american flag decor_Exact_LHH_260526,,,,,,,,,,,Enabled,,,,,,,,,,,Placement Top,0,
Sponsored Products,Bidding Adjustment,Create,250TH_4THOFJULY_SP00_SPR00_american flag decor_Exact_LHH_260526,,,,,,,,,,,Enabled,,,,,,,,,,,Placement Product Page,0,
Sponsored Products,Bidding Adjustment,Create,250TH_4THOFJULY_SP00_SPR00_american flag decor_Exact_LHH_260526,,,,,,,,,,,Enabled,,,,,,,,,,,Placement Rest Of Search,0,
Sponsored Products,Ad Group,Create,250TH_4THOFJULY_SP00_SPR00_american flag decor_Exact_LHH_260526,AG_01_Exact_american flag decor,,,,,,AG_01_Exact_american flag decor,,,,Enabled,,,,,,0.6,,,,,,,
Sponsored Products,Product Ad,Create,250TH_4THOFJULY_SP00_SPR00_american flag decor_Exact_LHH_260526,AG_01_Exact_american flag decor,,,,,,,,,,Enabled,,250TH_4THOFJULY,,,,,,,,,,,
Sponsored Products,Keyword,Create,250TH_4THOFJULY_SP00_SPR00_american flag decor_Exact_LHH_260526,AG_01_Exact_american flag decor,,,,,,,,,,Enabled,,,,,,,0.6,american flag decor,exact,,,,
Sponsored Products,Ad Group,Create,250TH_4THOFJULY_SP00_SPR00_american flag decor_Exact_LHH_260526,AG_02_Exact_american flag decor,,,,,,AG_02_Exact_american flag decor,,,,Enabled,,,,,,0.6,,,,,,,
Sponsored Products,Product Ad,Create,250TH_4THOFJULY_SP00_SPR00_american flag decor_Exact_LHH_260526,AG_02_Exact_american flag decor,,,,,,,,,,Enabled,,250TH_4THOFJULY,,,,,,,,,,,
Sponsored Products,Keyword,Create,250TH_4THOFJULY_SP00_SPR00_american flag decor_Exact_LHH_260526,AG_02_Exact_american flag decor,,,,,,,,,,Enabled,,,,,,,0.6,american flag decor,exact,,,,
Sponsored Products,Ad Group,Create,250TH_4THOFJULY_SP00_SPR00_american flag decor_Exact_LHH_260526,AG_03_Exact_american flag decor,,,,,,AG_03_Exact_american flag decor,,,,Enabled,,,,,,0.6,,,,,,,
Sponsored Products,Product Ad,Create,250TH_4THOFJULY_SP00_SPR00_american flag decor_Exact_LHH_260526,AG_03_Exact_american flag decor,,,,,,,,,,Enabled,,250TH_4THOFJULY,,,,,,,,,,,
Sponsored Products,Keyword,Create,250TH_4THOFJULY_SP00_SPR00_american flag decor_Exact_LHH_260526,AG_03_Exact_american flag decor,,,,,,,,,,Enabled,,,,,,,0.6,american flag decor,exact,,,,
Sponsored Products,Campaign,Create,250TH_4THOFJULY_SP00_SPR00_patriotic table decor_Exact_LHH_260526,,128613535409943,,,,250TH_4THOFJULY_SP00_SPR00_patriotic table decor_Exact_LHH_260526,,20260526,,Manual,Enabled,5.0,,,,,,,,,Dynamic bids - down only,,,
Sponsored Products,Bidding Adjustment,Create,250TH_4THOFJULY_SP00_SPR00_patriotic table decor_Exact_LHH_260526,,,,,,,,,,,Enabled,,,,,,,,,,,Placement Top,0,
Sponsored Products,Bidding Adjustment,Create,250TH_4THOFJULY_SP00_SPR00_patriotic table decor_Exact_LHH_260526,,,,,,,,,,,Enabled,,,,,,,,,,,Placement Product Page,0,
Sponsored Products,Bidding Adjustment,Create,250TH_4THOFJULY_SP00_SPR00_patriotic table decor_Exact_LHH_260526,,,,,,,,,,,Enabled,,,,,,,,,,,Placement Rest Of Search,0,
Sponsored Products,Ad Group,Create,250TH_4THOFJULY_SP00_SPR00_patriotic table decor_Exact_LHH_260526,AG_01_Exact_patriotic table decor,,,,,,AG_01_Exact_patriotic table decor,,,,Enabled,,,,,,0.6,,,,,,,
Sponsored Products,Product Ad,Create,250TH_4THOFJULY_SP00_SPR00_patriotic table decor_Exact_LHH_260526,AG_01_Exact_patriotic table decor,,,,,,,,,,Enabled,,250TH_4THOFJULY,,,,,,,,,,,
Sponsored Products,Keyword,Create,250TH_4THOFJULY_SP00_SPR00_patriotic table decor_Exact_LHH_260526,AG_01_Exact_patriotic table decor,,,,,,,,,,Enabled,,,,,,,0.6,patriotic table decor,exact,,,,
Sponsored Products,Ad Group,Create,250TH_4THOFJULY_SP00_SPR00_patriotic table decor_Exact_LHH_260526,AG_02_Exact_patriotic table decor,,,,,,AG_02_Exact_patriotic table decor,,,,Enabled,,,,,,0.6,,,,,,,
Sponsored Products,Product Ad,Create,250TH_4THOFJULY_SP00_SPR00_patriotic table decor_Exact_LHH_260526,AG_02_Exact_patriotic table decor,,,,,,,,,,Enabled,,250TH_4THOFJULY,,,,,,,,,,,
Sponsored Products,Keyword,Create,250TH_4THOFJULY_SP00_SPR00_patriotic table decor_Exact_LHH_260526,AG_02_Exact_patriotic table decor,,,,,,,,,,Enabled,,,,,,,0.6,patriotic table decor,exact,,,,
Sponsored Products,Ad Group,Create,250TH_4THOFJULY_SP00_SPR00_patriotic table decor_Exact_LHH_260526,AG_03_Exact_patriotic table decor,,,,,,AG_03_Exact_patriotic table decor,,,,Enabled,,,,,,0.6,,,,,,,
Sponsored Products,Product Ad,Create,250TH_4THOFJULY_SP00_SPR00_patriotic table decor_Exact_LHH_260526,AG_03_Exact_patriotic table decor,,,,,,,,,,Enabled,,250TH_4THOFJULY,,,,,,,,,,,
Sponsored Products,Keyword,Create,250TH_4THOFJULY_SP00_SPR00_patriotic table decor_Exact_LHH_260526,AG_03_Exact_patriotic table decor,,,,,,,,,,Enabled,,,,,,,0.6,patriotic table decor,exact,,,,
Sponsored Products,Campaign,Create,250TH_4THOFJULY_SP00_SPR00_wooden patriotic sign_Exact_LHH_260526,,128613535409943,,,,250TH_4THOFJULY_SP00_SPR00_wooden patriotic sign_Exact_LHH_260526,,20260526,,Manual,Enabled,5.0,,,,,,,,,Dynamic bids - down only,,,
Sponsored Products,Bidding Adjustment,Create,250TH_4THOFJULY_SP00_SPR00_wooden patriotic sign_Exact_LHH_260526,,,,,,,,,,,Enabled,,,,,,,,,,,Placement Top,0,
Sponsored Products,Bidding Adjustment,Create,250TH_4THOFJULY_SP00_SPR00_wooden patriotic sign_Exact_LHH_260526,,,,,,,,,,,Enabled,,,,,,,,,,,Placement Product Page,0,
Sponsored Products,Bidding Adjustment,Create,250TH_4THOFJULY_SP00_SPR00_wooden patriotic sign_Exact_LHH_260526,,,,,,,,,,,Enabled,,,,,,,,,,,Placement Rest Of Search,0,
Sponsored Products,Ad Group,Create,250TH_4THOFJULY_SP00_SPR00_wooden patriotic sign_Exact_LHH_260526,AG_01_Exact_wooden patriotic sign,,,,,,AG_01_Exact_wooden patriotic sign,,,,Enabled,,,,,,0.6,,,,,,,
Sponsored Products,Product Ad,Create,250TH_4THOFJULY_SP00_SPR00_wooden patriotic sign_Exact_LHH_260526,AG_01_Exact_wooden patriotic sign,,,,,,,,,,Enabled,,250TH_4THOFJULY,,,,,,,,,,,
Sponsored Products,Keyword,Create,250TH_4THOFJULY_SP00_SPR00_wooden patriotic sign_Exact_LHH_260526,AG_01_Exact_wooden patriotic sign,,,,,,,,,,Enabled,,,,,,,0.6,wooden patriotic sign,exact,,,,
Sponsored Products,Ad Group,Create,250TH_4THOFJULY_SP00_SPR00_wooden patriotic sign_Exact_LHH_260526,AG_02_Exact_wooden patriotic sign,,,,,,AG_02_Exact_wooden patriotic sign,,,,Enabled,,,,,,0.6,,,,,,,
Sponsored Products,Product Ad,Create,250TH_4THOFJULY_SP00_SPR00_wooden patriotic sign_Exact_LHH_260526,AG_02_Exact_wooden patriotic sign,,,,,,,,,,Enabled,,250TH_4THOFJULY,,,,,,,,,,,
Sponsored Products,Keyword,Create,250TH_4THOFJULY_SP00_SPR00_wooden patriotic sign_Exact_LHH_260526,AG_02_Exact_wooden patriotic sign,,,,,,,,,,Enabled,,,,,,,0.6,wooden patriotic sign,exact,,,,
Sponsored Products,Ad Group,Create,250TH_4THOFJULY_SP00_SPR00_wooden patriotic sign_Exact_LHH_260526,AG_03_Exact_wooden patriotic sign,,,,,,AG_03_Exact_wooden patriotic sign,,,,Enabled,,,,,,0.6,,,,,,,
Sponsored Products,Product Ad,Create,250TH_4THOFJULY_SP00_SPR00_wooden patriotic sign_Exact_LHH_260526,AG_03_Exact_wooden patriotic sign,,,,,,,,,,Enabled,,250TH_4THOFJULY,,,,,,,,,,,
Sponsored Products,Keyword,Create,250TH_4THOFJULY_SP00_SPR00_wooden patriotic sign_Exact_LHH_260526,AG_03_Exact_wooden patriotic sign,,,,,,,,,,Enabled,,,,,,,0.6,wooden patriotic sign,exact,,,,
Sponsored Products,Campaign,Create,250TH_4THOFJULY_SP00_SPR00_eagle patriotic decor_Exact_LHH_260526,,128613535409943,,,,250TH_4THOFJULY_SP00_SPR00_eagle patriotic decor_Exact_LHH_260526,,20260526,,Manual,Enabled,5.0,,,,,,,,,Dynamic bids - down only,,,
Sponsored Products,Bidding Adjustment,Create,250TH_4THOFJULY_SP00_SPR00_eagle patriotic decor_Exact_LHH_260526,,,,,,,,,,,Enabled,,,,,,,,,,,Placement Top,0,
Sponsored Products,Bidding Adjustment,Create,250TH_4THOFJULY_SP00_SPR00_eagle patriotic decor_Exact_LHH_260526,,,,,,,,,,,Enabled,,,,,,,,,,,Placement Product Page,0,
Sponsored Products,Bidding Adjustment,Create,250TH_4THOFJULY_SP00_SPR00_eagle patriotic decor_Exact_LHH_260526,,,,,,,,,,,Enabled,,,,,,,,,,,Placement Rest Of Search,0,
Sponsored Products,Ad Group,Create,250TH_4THOFJULY_SP00_SPR00_eagle patriotic decor_Exact_LHH_260526,AG_01_Exact_eagle patriotic decor,,,,,,AG_01_Exact_eagle patriotic decor,,,,Enabled,,,,,,0.6,,,,,,,
Sponsored Products,Product Ad,Create,250TH_4THOFJULY_SP00_SPR00_eagle patriotic decor_Exact_LHH_260526,AG_01_Exact_eagle patriotic decor,,,,,,,,,,Enabled,,250TH_4THOFJULY,,,,,,,,,,,
Sponsored Products,Keyword,Create,250TH_4THOFJULY_SP00_SPR00_eagle patriotic decor_Exact_LHH_260526,AG_01_Exact_eagle patriotic decor,,,,,,,,,,Enabled,,,,,,,0.6,eagle patriotic decor,exact,,,,
Sponsored Products,Ad Group,Create,250TH_4THOFJULY_SP00_SPR00_eagle patriotic decor_Exact_LHH_260526,AG_02_Exact_eagle patriotic decor,,,,,,AG_02_Exact_eagle patriotic decor,,,,Enabled,,,,,,0.6,,,,,,,
Sponsored Products,Product Ad,Create,250TH_4THOFJULY_SP00_SPR00_eagle patriotic decor_Exact_LHH_260526,AG_02_Exact_eagle patriotic decor,,,,,,,,,,Enabled,,250TH_4THOFJULY,,,,,,,,,,,
Sponsored Products,Keyword,Create,250TH_4THOFJULY_SP00_SPR00_eagle patriotic decor_Exact_LHH_260526,AG_02_Exact_eagle patriotic decor,,,,,,,,,,Enabled,,,,,,,0.6,eagle patriotic decor,exact,,,,
Sponsored Products,Ad Group,Create,250TH_4THOFJULY_SP00_SPR00_eagle patriotic decor_Exact_LHH_260526,AG_03_Exact_eagle patriotic decor,,,,,,AG_03_Exact_eagle patriotic decor,,,,Enabled,,,,,,0.6,,,,,,,
Sponsored Products,Product Ad,Create,250TH_4THOFJULY_SP00_SPR00_eagle patriotic decor_Exact_LHH_260526,AG_03_Exact_eagle patriotic decor,,,,,,,,,,Enabled,,250TH_4THOFJULY,,,,,,,,,,,
Sponsored Products,Keyword,Create,250TH_4THOFJULY_SP00_SPR00_eagle patriotic decor_Exact_LHH_260526,AG_03_Exact_eagle patriotic decor,,,,,,,,,,Enabled,,,,,,,0.6,eagle patriotic decor,exact,,,,
Sponsored Products,Campaign,Create,250TH_4THOFJULY_SP00_SPR00_july 4th centerpiece_Exact_LHH_260526,,128613535409943,,,,250TH_4THOFJULY_SP00_SPR00_july 4th centerpiece_Exact_LHH_260526,,20260526,,Manual,Enabled,5.0,,,,,,,,,Dynamic bids - down only,,,
Sponsored Products,Bidding Adjustment,Create,250TH_4THOFJULY_SP00_SPR00_july 4th centerpiece_Exact_LHH_260526,,,,,,,,,,,Enabled,,,,,,,,,,,Placement Top,0,
Sponsored Products,Bidding Adjustment,Create,250TH_4THOFJULY_SP00_SPR00_july 4th centerpiece_Exact_LHH_260526,,,,,,,,,,,Enabled,,,,,,,,,,,Placement Product Page,0,
Sponsored Products,Bidding Adjustment,Create,250TH_4THOFJULY_SP00_SPR00_july 4th centerpiece_Exact_LHH_260526,,,,,,,,,,,Enabled,,,,,,,,,,,Placement Rest Of Search,0,
Sponsored Products,Ad Group,Create,250TH_4THOFJULY_SP00_SPR00_july 4th centerpiece_Exact_LHH_260526,AG_01_Exact_july 4th centerpiece,,,,,,AG_01_Exact_july 4th centerpiece,,,,Enabled,,,,,,0.6,,,,,,,
Sponsored Products,Product Ad,Create,250TH_4THOFJULY_SP00_SPR00_july 4th centerpiece_Exact_LHH_260526,AG_01_Exact_july 4th centerpiece,,,,,,,,,,Enabled,,250TH_4THOFJULY,,,,,,,,,,,
Sponsored Products,Keyword,Create,250TH_4THOFJULY_SP00_SPR00_july 4th centerpiece_Exact_LHH_260526,AG_01_Exact_july 4th centerpiece,,,,,,,,,,Enabled,,,,,,,0.6,july 4th centerpiece,exact,,,,
Sponsored Products,Ad Group,Create,250TH_4THOFJULY_SP00_SPR00_july 4th centerpiece_Exact_LHH_260526,AG_02_Exact_july 4th centerpiece,,,,,,AG_02_Exact_july 4th centerpiece,,,,Enabled,,,,,,0.6,,,,,,,
Sponsored Products,Product Ad,Create,250TH_4THOFJULY_SP00_SPR00_july 4th centerpiece_Exact_LHH_260526,AG_02_Exact_july 4th centerpiece,,,,,,,,,,Enabled,,250TH_4THOFJULY,,,,,,,,,,,
Sponsored Products,Keyword,Create,250TH_4THOFJULY_SP00_SPR00_july 4th centerpiece_Exact_LHH_260526,AG_02_Exact_july 4th centerpiece,,,,,,,,,,Enabled,,,,,,,0.6,july 4th centerpiece,exact,,,,
Sponsored Products,Ad Group,Create,250TH_4THOFJULY_SP00_SPR00_july 4th centerpiece_Exact_LHH_260526,AG_03_Exact_july 4th centerpiece,,,,,,AG_03_Exact_july 4th centerpiece,,,,Enabled,,,,,,0.6,,,,,,,
Sponsored Products,Product Ad,Create,250TH_4THOFJULY_SP00_SPR00_july 4th centerpiece_Exact_LHH_260526,AG_03_Exact_july 4th centerpiece,,,,,,,,,,Enabled,,250TH_4THOFJULY,,,,,,,,,,,
Sponsored Products,Keyword,Create,250TH_4THOFJULY_SP00_SPR00_july 4th centerpiece_Exact_LHH_260526,AG_03_Exact_july 4th centerpiece,,,,,,,,,,Enabled,,,,,,,0.6,july 4th centerpiece,exact,,,,
Sponsored Products,Campaign,Create,250TH_4THOFJULY_SP00_SPR00_4th of july table decorations_Exact_LHH_260526,,128613535409943,,,,250TH_4THOFJULY_SP00_SPR00_4th of july table decorations_Exact_LHH_260526,,20260526,,Manual,Enabled,5.0,,,,,,,,,Dynamic bids - down only,,,
Sponsored Products,Bidding Adjustment,Create,250TH_4THOFJULY_SP00_SPR00_4th of july table decorations_Exact_LHH_260526,,,,,,,,,,,Enabled,,,,,,,,,,,Placement Top,0,
Sponsored Products,Bidding Adjustment,Create,250TH_4THOFJULY_SP00_SPR00_4th of july table decorations_Exact_LHH_260526,,,,,,,,,,,Enabled,,,,,,,,,,,Placement Product Page,0,
Sponsored Products,Bidding Adjustment,Create,250TH_4THOFJULY_SP00_SPR00_4th of july table decorations_Exact_LHH_260526,,,,,,,,,,,Enabled,,,,,,,,,,,Placement Rest Of Search,0,
Sponsored Products,Ad Group,Create,250TH_4THOFJULY_SP00_SPR00_4th of july table decorations_Exact_LHH_260526,AG_01_Exact_4th of july table decorations,,,,,,AG_01_Exact_4th of july table decorations,,,,Enabled,,,,,,0.6,,,,,,,
Sponsored Products,Product Ad,Create,250TH_4THOFJULY_SP00_SPR00_4th of july table decorations_Exact_LHH_260526,AG_01_Exact_4th of july table decorations,,,,,,,,,,Enabled,,250TH_4THOFJULY,,,,,,,,,,,
Sponsored Products,Keyword,Create,250TH_4THOFJULY_SP00_SPR00_4th of july table decorations_Exact_LHH_260526,AG_01_Exact_4th of july table decorations,,,,,,,,,,Enabled,,,,,,,0.6,4th of july table decorations,exact,,,,
Sponsored Products,Ad Group,Create,250TH_4THOFJULY_SP00_SPR00_4th of july table decorations_Exact_LHH_260526,AG_02_Exact_4th of july table decorations,,,,,,AG_02_Exact_4th of july table decorations,,,,Enabled,,,,,,0.6,,,,,,,
Sponsored Products,Product Ad,Create,250TH_4THOFJULY_SP00_SPR00_4th of july table decorations_Exact_LHH_260526,AG_02_Exact_4th of july table decorations,,,,,,,,,,Enabled,,250TH_4THOFJULY,,,,,,,,,,,
Sponsored Products,Keyword,Create,250TH_4THOFJULY_SP00_SPR00_4th of july table decorations_Exact_LHH_260526,AG_02_Exact_4th of july table decorations,,,,,,,,,,Enabled,,,,,,,0.6,4th of july table decorations,exact,,,,
Sponsored Products,Ad Group,Create,250TH_4THOFJULY_SP00_SPR00_4th of july table decorations_Exact_LHH_260526,AG_03_Exact_4th of july table decorations,,,,,,AG_03_Exact_4th of july table decorations,,,,Enabled,,,,,,0.6,,,,,,,
Sponsored Products,Product Ad,Create,250TH_4THOFJULY_SP00_SPR00_4th of july table decorations_Exact_LHH_260526,AG_03_Exact_4th of july table decorations,,,,,,,,,,Enabled,,250TH_4THOFJULY,,,,,,,,,,,
Sponsored Products,Keyword,Create,250TH_4THOFJULY_SP00_SPR00_4th of july table decorations_Exact_LHH_260526,AG_03_Exact_4th of july table decorations,,,,,,,,,,Enabled,,,,,,,0.6,4th of july table decorations,exact,,,,
Sponsored Products,Campaign,Create,250TH_4THOFJULY_SP00_SPR00_4th of july table runner_Exact_LHH_260526,,128613535409943,,,,250TH_4THOFJULY_SP00_SPR00_4th of july table runner_Exact_LHH_260526,,20260526,,Manual,Enabled,5.0,,,,,,,,,Dynamic bids - down only,,,
Sponsored Products,Bidding Adjustment,Create,250TH_4THOFJULY_SP00_SPR00_4th of july table runner_Exact_LHH_260526,,,,,,,,,,,Enabled,,,,,,,,,,,Placement Top,10,
Sponsored Products,Bidding Adjustment,Create,250TH_4THOFJULY_SP00_SPR00_4th of july table runner_Exact_LHH_260526,,,,,,,,,,,Enabled,,,,,,,,,,,Placement Product Page,10,
Sponsored Products,Bidding Adjustment,Create,250TH_4THOFJULY_SP00_SPR00_4th of july table runner_Exact_LHH_260526,,,,,,,,,,,Enabled,,,,,,,,,,,Placement Rest Of Search,10,
Sponsored Products,Ad Group,Create,250TH_4THOFJULY_SP00_SPR00_4th of july table runner_Exact_LHH_260526,AG_01_Exact_4th of july table runner,,,,,,AG_01_Exact_4th of july table runner,,,,Enabled,,,,,,0.6,,,,,,,
Sponsored Products,Product Ad,Create,250TH_4THOFJULY_SP00_SPR00_4th of july table runner_Exact_LHH_260526,AG_01_Exact_4th of july table runner,,,,,,,,,,Enabled,,250TH_4THOFJULY,,,,,,,,,,,
Sponsored Products,Keyword,Create,250TH_4THOFJULY_SP00_SPR00_4th of july table runner_Exact_LHH_260526,AG_01_Exact_4th of july table runner,,,,,,,,,,Enabled,,,,,,,0.6,4th of july table runner,exact,,,,
Sponsored Products,Ad Group,Create,250TH_4THOFJULY_SP00_SPR00_4th of july table runner_Exact_LHH_260526,AG_02_Exact_4th of july table runner,,,,,,AG_02_Exact_4th of july table runner,,,,Enabled,,,,,,0.6,,,,,,,
Sponsored Products,Product Ad,Create,250TH_4THOFJULY_SP00_SPR00_4th of july table runner_Exact_LHH_260526,AG_02_Exact_4th of july table runner,,,,,,,,,,Enabled,,250TH_4THOFJULY,,,,,,,,,,,
Sponsored Products,Keyword,Create,250TH_4THOFJULY_SP00_SPR00_4th of july table runner_Exact_LHH_260526,AG_02_Exact_4th of july table runner,,,,,,,,,,Enabled,,,,,,,0.6,4th of july table runner,exact,,,,
Sponsored Products,Ad Group,Create,250TH_4THOFJULY_SP00_SPR00_4th of july table runner_Exact_LHH_260526,AG_03_Exact_4th of july table runner,,,,,,AG_03_Exact_4th of july table runner,,,,Enabled,,,,,,0.6,,,,,,,
Sponsored Products,Product Ad,Create,250TH_4THOFJULY_SP00_SPR00_4th of july table runner_Exact_LHH_260526,AG_03_Exact_4th of july table runner,,,,,,,,,,Enabled,,250TH_4THOFJULY,,,,,,,,,,,
Sponsored Products,Keyword,Create,250TH_4THOFJULY_SP00_SPR00_4th of july table runner_Exact_LHH_260526,AG_03_Exact_4th of july table runner,,,,,,,,,,Enabled,,,,,,,0.6,4th of july table runner,exact,,,,
Sponsored Products,Campaign,Create,250TH_4THOFJULY_SP00_SPR00_4th of july decor_Exact_LHH_260526,,128613535409943,,,,250TH_4THOFJULY_SP00_SPR00_4th of july decor_Exact_LHH_260526,,20260526,,Manual,Enabled,5.0,,,,,,,,,Dynamic bids - down only,,,
Sponsored Products,Bidding Adjustment,Create,250TH_4THOFJULY_SP00_SPR00_4th of july decor_Exact_LHH_260526,,,,,,,,,,,Enabled,,,,,,,,,,,Placement Top,10,
Sponsored Products,Bidding Adjustment,Create,250TH_4THOFJULY_SP00_SPR00_4th of july decor_Exact_LHH_260526,,,,,,,,,,,Enabled,,,,,,,,,,,Placement Product Page,10,
Sponsored Products,Bidding Adjustment,Create,250TH_4THOFJULY_SP00_SPR00_4th of july decor_Exact_LHH_260526,,,,,,,,,,,Enabled,,,,,,,,,,,Placement Rest Of Search,10,
Sponsored Products,Ad Group,Create,250TH_4THOFJULY_SP00_SPR00_4th of july decor_Exact_LHH_260526,AG_01_Exact_4th of july decor,,,,,,AG_01_Exact_4th of july decor,,,,Enabled,,,,,,0.6,,,,,,,
Sponsored Products,Product Ad,Create,250TH_4THOFJULY_SP00_SPR00_4th of july decor_Exact_LHH_260526,AG_01_Exact_4th of july decor,,,,,,,,,,Enabled,,250TH_4THOFJULY,,,,,,,,,,,
Sponsored Products,Keyword,Create,250TH_4THOFJULY_SP00_SPR00_4th of july decor_Exact_LHH_260526,AG_01_Exact_4th of july decor,,,,,,,,,,Enabled,,,,,,,0.6,4th of july decor,exact,,,,
Sponsored Products,Ad Group,Create,250TH_4THOFJULY_SP00_SPR00_4th of july decor_Exact_LHH_260526,AG_02_Exact_4th of july decor,,,,,,AG_02_Exact_4th of july decor,,,,Enabled,,,,,,0.6,,,,,,,
Sponsored Products,Product Ad,Create,250TH_4THOFJULY_SP00_SPR00_4th of july decor_Exact_LHH_260526,AG_02_Exact_4th of july decor,,,,,,,,,,Enabled,,250TH_4THOFJULY,,,,,,,,,,,
Sponsored Products,Keyword,Create,250TH_4THOFJULY_SP00_SPR00_4th of july decor_Exact_LHH_260526,AG_02_Exact_4th of july decor,,,,,,,,,,Enabled,,,,,,,0.6,4th of july decor,exact,,,,
Sponsored Products,Ad Group,Create,250TH_4THOFJULY_SP00_SPR00_4th of july decor_Exact_LHH_260526,AG_03_Exact_4th of july decor,,,,,,AG_03_Exact_4th of july decor,,,,Enabled,,,,,,0.6,,,,,,,
Sponsored Products,Product Ad,Create,250TH_4THOFJULY_SP00_SPR00_4th of july decor_Exact_LHH_260526,AG_03_Exact_4th of july decor,,,,,,,,,,Enabled,,250TH_4THOFJULY,,,,,,,,,,,
Sponsored Products,Keyword,Create,250TH_4THOFJULY_SP00_SPR00_4th of july decor_Exact_LHH_260526,AG_03_Exact_4th of july decor,,,,,,,,,,Enabled,,,,,,,0.6,4th of july decor,exact,,,,
Sponsored Products,Campaign,Create,250TH_4THOFJULY_SP00_independence day decor_Phrase_LHH_260526,,128613535409943,,,,250TH_4THOFJULY_SP00_independence day decor_Phrase_LHH_260526,,20260526,,Manual,Enabled,5.0,,,,,,,,,Dynamic bids - down only,,,
Sponsored Products,Bidding Adjustment,Create,250TH_4THOFJULY_SP00_independence day decor_Phrase_LHH_260526,,,,,,,,,,,Enabled,,,,,,,,,,,Placement Top,0,
Sponsored Products,Bidding Adjustment,Create,250TH_4THOFJULY_SP00_independence day decor_Phrase_LHH_260526,,,,,,,,,,,Enabled,,,,,,,,,,,Placement Product Page,0,
Sponsored Products,Bidding Adjustment,Create,250TH_4THOFJULY_SP00_independence day decor_Phrase_LHH_260526,,,,,,,,,,,Enabled,,,,,,,,,,,Placement Rest Of Search,0,
Sponsored Products,Ad Group,Create,250TH_4THOFJULY_SP00_independence day decor_Phrase_LHH_260526,250TH_4THOFJULY_SP00_independence day decor_Phrase_LHH_260526,,,,,,independence day decor,,,,Enabled,,,,,,0.45,,,,,,,
Sponsored Products,Product Ad,Create,250TH_4THOFJULY_SP00_independence day decor_Phrase_LHH_260526,250TH_4THOFJULY_SP00_independence day decor_Phrase_LHH_260526,,,,,,,,,,Enabled,,250TH_4THOFJULY,,,,,,,,,,,
Sponsored Products,Keyword,Create,250TH_4THOFJULY_SP00_independence day decor_Phrase_LHH_260526,250TH_4THOFJULY_SP00_independence day decor_Phrase_LHH_260526,,,,,,,,,,Enabled,,,,,,,0.45,independence day decor,phrase,,,,
Sponsored Products,Campaign,Create,250TH_4THOFJULY_SP00_4th of july sign_Phrase_LHH_260526,,128613535409943,,,,250TH_4THOFJULY_SP00_4th of july sign_Phrase_LHH_260526,,20260526,,Manual,Enabled,5.0,,,,,,,,,Dynamic bids - down only,,,
Sponsored Products,Bidding Adjustment,Create,250TH_4THOFJULY_SP00_4th of july sign_Phrase_LHH_260526,,,,,,,,,,,Enabled,,,,,,,,,,,Placement Top,0,
Sponsored Products,Bidding Adjustment,Create,250TH_4THOFJULY_SP00_4th of july sign_Phrase_LHH_260526,,,,,,,,,,,Enabled,,,,,,,,,,,Placement Product Page,0,
Sponsored Products,Bidding Adjustment,Create,250TH_4THOFJULY_SP00_4th of july sign_Phrase_LHH_260526,,,,,,,,,,,Enabled,,,,,,,,,,,Placement Rest Of Search,0,
Sponsored Products,Ad Group,Create,250TH_4THOFJULY_SP00_4th of july sign_Phrase_LHH_260526,250TH_4THOFJULY_SP00_4th of july sign_Phrase_LHH_260526,,,,,,4th of july sign,,,,Enabled,,,,,,0.45,,,,,,,
Sponsored Products,Product Ad,Create,250TH_4THOFJULY_SP00_4th of july sign_Phrase_LHH_260526,250TH_4THOFJULY_SP00_4th of july sign_Phrase_LHH_260526,,,,,,,,,,Enabled,,250TH_4THOFJULY,,,,,,,,,,,
Sponsored Products,Keyword,Create,250TH_4THOFJULY_SP00_4th of july sign_Phrase_LHH_260526,250TH_4THOFJULY_SP00_4th of july sign_Phrase_LHH_260526,,,,,,,,,,Enabled,,,,,,,0.45,4th of july sign,phrase,,,,
Sponsored Products,Campaign,Create,250TH_4THOFJULY_SP00_american flag decor_Phrase_LHH_260526,,128613535409943,,,,250TH_4THOFJULY_SP00_american flag decor_Phrase_LHH_260526,,20260526,,Manual,Enabled,5.0,,,,,,,,,Dynamic bids - down only,,,
Sponsored Products,Bidding Adjustment,Create,250TH_4THOFJULY_SP00_american flag decor_Phrase_LHH_260526,,,,,,,,,,,Enabled,,,,,,,,,,,Placement Top,0,
Sponsored Products,Bidding Adjustment,Create,250TH_4THOFJULY_SP00_american flag decor_Phrase_LHH_260526,,,,,,,,,,,Enabled,,,,,,,,,,,Placement Product Page,0,
Sponsored Products,Bidding Adjustment,Create,250TH_4THOFJULY_SP00_american flag decor_Phrase_LHH_260526,,,,,,,,,,,Enabled,,,,,,,,,,,Placement Rest Of Search,0,
Sponsored Products,Ad Group,Create,250TH_4THOFJULY_SP00_american flag decor_Phrase_LHH_260526,250TH_4THOFJULY_SP00_american flag decor_Phrase_LHH_260526,,,,,,american flag decor,,,,Enabled,,,,,,0.45,,,,,,,
Sponsored Products,Product Ad,Create,250TH_4THOFJULY_SP00_american flag decor_Phrase_LHH_260526,250TH_4THOFJULY_SP00_american flag decor_Phrase_LHH_260526,,,,,,,,,,Enabled,,250TH_4THOFJULY,,,,,,,,,,,
Sponsored Products,Keyword,Create,250TH_4THOFJULY_SP00_american flag decor_Phrase_LHH_260526,250TH_4THOFJULY_SP00_american flag decor_Phrase_LHH_260526,,,,,,,,,,Enabled,,,,,,,0.45,american flag decor,phrase,,,,
Sponsored Products,Campaign,Create,250TH_4THOFJULY_SP00_patriotic table decor_Phrase_LHH_260526,,128613535409943,,,,250TH_4THOFJULY_SP00_patriotic table decor_Phrase_LHH_260526,,20260526,,Manual,Enabled,5.0,,,,,,,,,Dynamic bids - down only,,,
Sponsored Products,Bidding Adjustment,Create,250TH_4THOFJULY_SP00_patriotic table decor_Phrase_LHH_260526,,,,,,,,,,,Enabled,,,,,,,,,,,Placement Top,0,
Sponsored Products,Bidding Adjustment,Create,250TH_4THOFJULY_SP00_patriotic table decor_Phrase_LHH_260526,,,,,,,,,,,Enabled,,,,,,,,,,,Placement Product Page,0,
Sponsored Products,Bidding Adjustment,Create,250TH_4THOFJULY_SP00_patriotic table decor_Phrase_LHH_260526,,,,,,,,,,,Enabled,,,,,,,,,,,Placement Rest Of Search,0,
Sponsored Products,Ad Group,Create,250TH_4THOFJULY_SP00_patriotic table decor_Phrase_LHH_260526,250TH_4THOFJULY_SP00_patriotic table decor_Phrase_LHH_260526,,,,,,patriotic table decor,,,,Enabled,,,,,,0.45,,,,,,,
Sponsored Products,Product Ad,Create,250TH_4THOFJULY_SP00_patriotic table decor_Phrase_LHH_260526,250TH_4THOFJULY_SP00_patriotic table decor_Phrase_LHH_260526,,,,,,,,,,Enabled,,250TH_4THOFJULY,,,,,,,,,,,
Sponsored Products,Keyword,Create,250TH_4THOFJULY_SP00_patriotic table decor_Phrase_LHH_260526,250TH_4THOFJULY_SP00_patriotic table decor_Phrase_LHH_260526,,,,,,,,,,Enabled,,,,,,,0.45,patriotic table decor,phrase,,,,
Sponsored Products,Campaign,Create,250TH_4THOFJULY_SP00_wooden patriotic sign_Phrase_LHH_260526,,128613535409943,,,,250TH_4THOFJULY_SP00_wooden patriotic sign_Phrase_LHH_260526,,20260526,,Manual,Enabled,5.0,,,,,,,,,Dynamic bids - down only,,,
Sponsored Products,Bidding Adjustment,Create,250TH_4THOFJULY_SP00_wooden patriotic sign_Phrase_LHH_260526,,,,,,,,,,,Enabled,,,,,,,,,,,Placement Top,0,
Sponsored Products,Bidding Adjustment,Create,250TH_4THOFJULY_SP00_wooden patriotic sign_Phrase_LHH_260526,,,,,,,,,,,Enabled,,,,,,,,,,,Placement Product Page,0,
Sponsored Products,Bidding Adjustment,Create,250TH_4THOFJULY_SP00_wooden patriotic sign_Phrase_LHH_260526,,,,,,,,,,,Enabled,,,,,,,,,,,Placement Rest Of Search,0,
Sponsored Products,Ad Group,Create,250TH_4THOFJULY_SP00_wooden patriotic sign_Phrase_LHH_260526,250TH_4THOFJULY_SP00_wooden patriotic sign_Phrase_LHH_260526,,,,,,wooden patriotic sign,,,,Enabled,,,,,,0.45,,,,,,,
Sponsored Products,Product Ad,Create,250TH_4THOFJULY_SP00_wooden patriotic sign_Phrase_LHH_260526,250TH_4THOFJULY_SP00_wooden patriotic sign_Phrase_LHH_260526,,,,,,,,,,Enabled,,250TH_4THOFJULY,,,,,,,,,,,
Sponsored Products,Keyword,Create,250TH_4THOFJULY_SP00_wooden patriotic sign_Phrase_LHH_260526,250TH_4THOFJULY_SP00_wooden patriotic sign_Phrase_LHH_260526,,,,,,,,,,Enabled,,,,,,,0.45,wooden patriotic sign,phrase,,,,
Sponsored Products,Campaign,Create,250TH_4THOFJULY_SP00_eagle patriotic decor_Phrase_LHH_260526,,128613535409943,,,,250TH_4THOFJULY_SP00_eagle patriotic decor_Phrase_LHH_260526,,20260526,,Manual,Enabled,5.0,,,,,,,,,Dynamic bids - down only,,,
Sponsored Products,Bidding Adjustment,Create,250TH_4THOFJULY_SP00_eagle patriotic decor_Phrase_LHH_260526,,,,,,,,,,,Enabled,,,,,,,,,,,Placement Top,0,
Sponsored Products,Bidding Adjustment,Create,250TH_4THOFJULY_SP00_eagle patriotic decor_Phrase_LHH_260526,,,,,,,,,,,Enabled,,,,,,,,,,,Placement Product Page,0,
Sponsored Products,Bidding Adjustment,Create,250TH_4THOFJULY_SP00_eagle patriotic decor_Phrase_LHH_260526,,,,,,,,,,,Enabled,,,,,,,,,,,Placement Rest Of Search,0,
Sponsored Products,Ad Group,Create,250TH_4THOFJULY_SP00_eagle patriotic decor_Phrase_LHH_260526,250TH_4THOFJULY_SP00_eagle patriotic decor_Phrase_LHH_260526,,,,,,eagle patriotic decor,,,,Enabled,,,,,,0.45,,,,,,,
Sponsored Products,Product Ad,Create,250TH_4THOFJULY_SP00_eagle patriotic decor_Phrase_LHH_260526,250TH_4THOFJULY_SP00_eagle patriotic decor_Phrase_LHH_260526,,,,,,,,,,Enabled,,250TH_4THOFJULY,,,,,,,,,,,
Sponsored Products,Keyword,Create,250TH_4THOFJULY_SP00_eagle patriotic decor_Phrase_LHH_260526,250TH_4THOFJULY_SP00_eagle patriotic decor_Phrase_LHH_260526,,,,,,,,,,Enabled,,,,,,,0.45,eagle patriotic decor,phrase,,,,
Sponsored Products,Campaign,Create,250TH_4THOFJULY_SP00_july 4th centerpiece_Phrase_LHH_260526,,128613535409943,,,,250TH_4THOFJULY_SP00_july 4th centerpiece_Phrase_LHH_260526,,20260526,,Manual,Enabled,5.0,,,,,,,,,Dynamic bids - down only,,,
Sponsored Products,Bidding Adjustment,Create,250TH_4THOFJULY_SP00_july 4th centerpiece_Phrase_LHH_260526,,,,,,,,,,,Enabled,,,,,,,,,,,Placement Top,0,
Sponsored Products,Bidding Adjustment,Create,250TH_4THOFJULY_SP00_july 4th centerpiece_Phrase_LHH_260526,,,,,,,,,,,Enabled,,,,,,,,,,,Placement Product Page,0,
Sponsored Products,Bidding Adjustment,Create,250TH_4THOFJULY_SP00_july 4th centerpiece_Phrase_LHH_260526,,,,,,,,,,,Enabled,,,,,,,,,,,Placement Rest Of Search,0,
Sponsored Products,Ad Group,Create,250TH_4THOFJULY_SP00_july 4th centerpiece_Phrase_LHH_260526,250TH_4THOFJULY_SP00_july 4th centerpiece_Phrase_LHH_260526,,,,,,july 4th centerpiece,,,,Enabled,,,,,,0.45,,,,,,,
Sponsored Products,Product Ad,Create,250TH_4THOFJULY_SP00_july 4th centerpiece_Phrase_LHH_260526,250TH_4THOFJULY_SP00_july 4th centerpiece_Phrase_LHH_260526,,,,,,,,,,Enabled,,250TH_4THOFJULY,,,,,,,,,,,
Sponsored Products,Keyword,Create,250TH_4THOFJULY_SP00_july 4th centerpiece_Phrase_LHH_260526,250TH_4THOFJULY_SP00_july 4th centerpiece_Phrase_LHH_260526,,,,,,,,,,Enabled,,,,,,,0.45,july 4th centerpiece,phrase,,,,
Sponsored Products,Campaign,Create,250TH_4THOFJULY_SP00_4th of july table decorations_Phrase_LHH_260526,,128613535409943,,,,250TH_4THOFJULY_SP00_4th of july table decorations_Phrase_LHH_260526,,20260526,,Manual,Enabled,5.0,,,,,,,,,Dynamic bids - down only,,,
Sponsored Products,Bidding Adjustment,Create,250TH_4THOFJULY_SP00_4th of july table decorations_Phrase_LHH_260526,,,,,,,,,,,Enabled,,,,,,,,,,,Placement Top,0,
Sponsored Products,Bidding Adjustment,Create,250TH_4THOFJULY_SP00_4th of july table decorations_Phrase_LHH_260526,,,,,,,,,,,Enabled,,,,,,,,,,,Placement Product Page,0,
Sponsored Products,Bidding Adjustment,Create,250TH_4THOFJULY_SP00_4th of july table decorations_Phrase_LHH_260526,,,,,,,,,,,Enabled,,,,,,,,,,,Placement Rest Of Search,0,
Sponsored Products,Ad Group,Create,250TH_4THOFJULY_SP00_4th of july table decorations_Phrase_LHH_260526,250TH_4THOFJULY_SP00_4th of july table decorations_Phrase_LHH_260526,,,,,,4th of july table decorations,,,,Enabled,,,,,,0.45,,,,,,,
Sponsored Products,Product Ad,Create,250TH_4THOFJULY_SP00_4th of july table decorations_Phrase_LHH_260526,250TH_4THOFJULY_SP00_4th of july table decorations_Phrase_LHH_260526,,,,,,,,,,Enabled,,250TH_4THOFJULY,,,,,,,,,,,
Sponsored Products,Keyword,Create,250TH_4THOFJULY_SP00_4th of july table decorations_Phrase_LHH_260526,250TH_4THOFJULY_SP00_4th of july table decorations_Phrase_LHH_260526,,,,,,,,,,Enabled,,,,,,,0.45,4th of july table decorations,phrase,,,,
Sponsored Products,Campaign,Create,250TH_4THOFJULY_SP00_4th of july table runner_Phrase_LHH_260526,,128613535409943,,,,250TH_4THOFJULY_SP00_4th of july table runner_Phrase_LHH_260526,,20260526,,Manual,Enabled,5.0,,,,,,,,,Dynamic bids - down only,,,
Sponsored Products,Bidding Adjustment,Create,250TH_4THOFJULY_SP00_4th of july table runner_Phrase_LHH_260526,,,,,,,,,,,Enabled,,,,,,,,,,,Placement Top,0,
Sponsored Products,Bidding Adjustment,Create,250TH_4THOFJULY_SP00_4th of july table runner_Phrase_LHH_260526,,,,,,,,,,,Enabled,,,,,,,,,,,Placement Product Page,0,
Sponsored Products,Bidding Adjustment,Create,250TH_4THOFJULY_SP00_4th of july table runner_Phrase_LHH_260526,,,,,,,,,,,Enabled,,,,,,,,,,,Placement Rest Of Search,0,
Sponsored Products,Ad Group,Create,250TH_4THOFJULY_SP00_4th of july table runner_Phrase_LHH_260526,250TH_4THOFJULY_SP00_4th of july table runner_Phrase_LHH_260526,,,,,,4th of july table runner,,,,Enabled,,,,,,0.45,,,,,,,
Sponsored Products,Product Ad,Create,250TH_4THOFJULY_SP00_4th of july table runner_Phrase_LHH_260526,250TH_4THOFJULY_SP00_4th of july table runner_Phrase_LHH_260526,,,,,,,,,,Enabled,,250TH_4THOFJULY,,,,,,,,,,,
Sponsored Products,Keyword,Create,250TH_4THOFJULY_SP00_4th of july table runner_Phrase_LHH_260526,250TH_4THOFJULY_SP00_4th of july table runner_Phrase_LHH_260526,,,,,,,,,,Enabled,,,,,,,0.45,4th of july table runner,phrase,,,,
Sponsored Products,Campaign,Create,250TH_4THOFJULY_SP00_4th of july decor_Phrase_LHH_260526,,128613535409943,,,,250TH_4THOFJULY_SP00_4th of july decor_Phrase_LHH_260526,,20260526,,Manual,Enabled,5.0,,,,,,,,,Dynamic bids - down only,,,
Sponsored Products,Bidding Adjustment,Create,250TH_4THOFJULY_SP00_4th of july decor_Phrase_LHH_260526,,,,,,,,,,,Enabled,,,,,,,,,,,Placement Top,0,
Sponsored Products,Bidding Adjustment,Create,250TH_4THOFJULY_SP00_4th of july decor_Phrase_LHH_260526,,,,,,,,,,,Enabled,,,,,,,,,,,Placement Product Page,0,
Sponsored Products,Bidding Adjustment,Create,250TH_4THOFJULY_SP00_4th of july decor_Phrase_LHH_260526,,,,,,,,,,,Enabled,,,,,,,,,,,Placement Rest Of Search,0,
Sponsored Products,Ad Group,Create,250TH_4THOFJULY_SP00_4th of july decor_Phrase_LHH_260526,250TH_4THOFJULY_SP00_4th of july decor_Phrase_LHH_260526,,,,,,4th of july decor,,,,Enabled,,,,,,0.45,,,,,,,
Sponsored Products,Product Ad,Create,250TH_4THOFJULY_SP00_4th of july decor_Phrase_LHH_260526,250TH_4THOFJULY_SP00_4th of july decor_Phrase_LHH_260526,,,,,,,,,,Enabled,,250TH_4THOFJULY,,,,,,,,,,,
Sponsored Products,Keyword,Create,250TH_4THOFJULY_SP00_4th of july decor_Phrase_LHH_260526,250TH_4THOFJULY_SP00_4th of july decor_Phrase_LHH_260526,,,,,,,,,,Enabled,,,,,,,0.45,4th of july decor,phrase,,,,
Sponsored Products,Campaign,Create,250TH_4THOFJULY_SP00_4th of july centerpiece_Phrase_LHH_260526,,128613535409943,,,,250TH_4THOFJULY_SP00_4th of july centerpiece_Phrase_LHH_260526,,20260526,,Manual,Enabled,5.0,,,,,,,,,Dynamic bids - down only,,,
Sponsored Products,Bidding Adjustment,Create,250TH_4THOFJULY_SP00_4th of july centerpiece_Phrase_LHH_260526,,,,,,,,,,,Enabled,,,,,,,,,,,Placement Top,0,
Sponsored Products,Bidding Adjustment,Create,250TH_4THOFJULY_SP00_4th of july centerpiece_Phrase_LHH_260526,,,,,,,,,,,Enabled,,,,,,,,,,,Placement Product Page,0,
Sponsored Products,Bidding Adjustment,Create,250TH_4THOFJULY_SP00_4th of july centerpiece_Phrase_LHH_260526,,,,,,,,,,,Enabled,,,,,,,,,,,Placement Rest Of Search,0,
Sponsored Products,Ad Group,Create,250TH_4THOFJULY_SP00_4th of july centerpiece_Phrase_LHH_260526,250TH_4THOFJULY_SP00_4th of july centerpiece_Phrase_LHH_260526,,,,,,4th of july centerpiece,,,,Enabled,,,,,,0.45,,,,,,,
Sponsored Products,Product Ad,Create,250TH_4THOFJULY_SP00_4th of july centerpiece_Phrase_LHH_260526,250TH_4THOFJULY_SP00_4th of july centerpiece_Phrase_LHH_260526,,,,,,,,,,Enabled,,250TH_4THOFJULY,,,,,,,,,,,
Sponsored Products,Keyword,Create,250TH_4THOFJULY_SP00_4th of july centerpiece_Phrase_LHH_260526,250TH_4THOFJULY_SP00_4th of july centerpiece_Phrase_LHH_260526,,,,,,,,,,Enabled,,,,,,,0.45,4th of july centerpiece,phrase,,,,
